customer_id,customer_name
dc3dd10b-91ed-4453-89bb-9f624c441030,Nisha Verma
d8946376-be1f-48cc-a278-f8b3b967cd77,Riya Kumar
83fae1e1-7a78-42d4-81fd-803ebdeedb2d,Manya Desai
24405b2f-c105-4f3f-9aaf-8bc07f4cae9f,Avni Saxena
3869d8bc-f40c-4f5e-a283-6137c3c35e49,Vivaan Agarwal
980f7c2f-153a-47cf-8597-003573939f9b,Harsh Agarwal
29e1adfa-15e1-4685-bdda-77a76b1b5f67,Arjun Malhotra
b4b4b06b-f5f3-40fa-81a6-2d0a89855381,Aditi Sharma
32992fb7-2b62-4f94-bb9b-8a9d8d82db8f,Vikram Mehta
5145b2a8-b34f-4e20-9e03-27b4793df5f9,Riya Bhatia
4d023c48-23e3-4783-8fa2-318cb3d43c0d,Karan Joshi
ab037001-ee92-4756-a5d0-86e775b34910,Simran Joshi
65423bfc-af9a-4324-b3bb-d7fe6eee7abf,Raj Reddy
8ce818f3-74d3-485a-a880-31f78a209152,Meera Tiwari
42274652-cd72-4dda-b350-134f64209e99,Pooja Kumar
4d67ee67-fd72-4aa2-a37c-b0ee14feaf41,Riya Verma
5462782c-ddd2-429b-b75c-72dfc38b48ae,Aditi Malhotra
e448c5be-744b-45bf-ac97-6ebc9394f9eb,Vivaan Khanna
86ce0e19-5eac-4ba5-8c90-c033c7fd056b,Sneha Kumar
f2509c99-029f-4da2-9fa7-dfe8709e1735,Siddharth Kapoor
2d9977a7-73a4-4fcf-9258-870ce8c57eef,Akash Sharma
2ad9e481-4da0-46d6-b091-5a31d47b79b4,Nisha Tiwari
5d86e682-2c99-4fb2-b207-9ac1999b3b39,Vikram Sharma
28f5f699-63d7-4067-9aa7-6c8bb56a8d54,Akash Nair
88fd1f10-d022-487f-aa2b-a4fe54f7191a,Meera Saxena
6e1dcf88-fcb3-446d-ad88-a80f5d16b100,Harsh Verma
0b380004-e297-4530-b9cc-7ec7c2671aa4,Meera Mishra
a13d9a3f-15aa-4226-82e6-1be95617ce11,Diya Mehta
6abcdf3a-b28d-48e3-98b5-47b735656d7f,Vikram Tiwari
3ceffc2d-ca21-4728-8fe2-d7330800545d,Aditi Desai
081cb3b7-07a5-47e3-ba40-3c584667498f,Priya Shah
fa6caa51-aa5b-4c06-9822-665356e76ed1,Sakshi Tiwari
b58ae460-63a9-43d4-9be9-23b023a9a55e,Nisha Saxena
d8d7fd2a-b7e3-4fe0-9c87-f6ff030f3fab,Harsh Jain
68901c7d-2c1a-4c17-b4c4-74a381a4ebcf,Avni Khanna
af645e35-b45e-4ad8-bffd-0e2dea2496f9,Vikram Iyer
036ebc85-d632-4697-b4b9-0ce40c8aa151,Isha Jain
209d490c-f2de-42fb-be19-ff81de15c5a0,Kavya Desai
33526715-6f38-4560-9cec-2faddb2e18cc,Aditya Patel
9a495dba-bde9-44c3-8145-d541ff7f00bb,Yash Verma
05d0c6aa-51af-4bef-aa13-51671ef3543b,Aditya Singh
aa4cce8c-52c5-4028-a9a2-4e3d09c37945,Aman Mishra
8777c81c-9bd2-4286-82e5-80d64b3dea49,Aditi Saxena
8688cdb5-ddea-4a28-a01e-4c72e0a6db18,Karan Malhotra
3a674f7e-a660-4890-ad70-cc6d6243b37f,Akash Sinha
9f313a5e-4364-4389-9ae3-aaa68d7b7fd4,Nisha Mishra
711d1a09-2c23-47cd-906d-36f21485d178,Ishaan Khanna
851911fa-e90d-4143-8a2d-36c114606f7e,Ishaan Sharma
d63d760e-8e35-45a7-8e5e-726780fc90ca,Sneha Sinha
7d4858da-05d8-4db2-9cda-aaef3401ed6f,Rohan Chopra
91e8018a-5410-4b8e-b774-79d502f10661,Yash Patel
edab3b94-d559-471e-8a4f-baa4a82d2b87,Pallavi Tiwari
727c36de-0126-4272-a349-dea3796e6cae,Aarav Reddy
8f4ea588-5a4f-40e3-ab56-9b3c57fb7ec1,Karan Mishra
4e18786a-167a-4f53-85ba-c0094471ec40,Raj Mishra
ed154512-8b23-4841-802b-eddf6d91f2b0,Isha Mishra
e8a94fa8-9c7b-476a-ab27-e9d182725071,Neha Sinha
b0455f06-0c02-4714-a3ee-5782057e5744,Aditi Chopra
93adcbdc-9aca-4199-8e33-069a28ec60f1,Rahul Jain
380e294c-c3de-4ef3-9a40-e62c64dc6aa6,Isha Kapoor
395503e2-4d23-4a3a-b2e0-b5d8e9edc396,Isha Singh
83ac61c4-dfde-4fb8-bffa-a1bbb101fb65,Nikhil Khanna
0e56cf30-2186-4f7e-a521-3a6174330fe4,Priya Chopra
ee421b5d-31c7-4e3d-a8d9-7a2e629e29c0,Manish Kapoor
943c8292-23af-41a9-8171-c597e5e75c00,Vikram Mishra
53c325c4-52bb-4bf0-a60d-dd5d46e2d00c,Manya Mehta
d6fa4b58-8f07-4e49-991f-7056829ab034,Siddharth Joshi
523a570c-b77a-4fdf-88b6-f5f914b4d929,Aarav Sinha
0da17aa7-5e8b-4ffd-9fee-e0fff0135025,Rahul Gupta
398e41d9-1069-47f7-8d13-244b8077c658,Aarav Verma
89296cf4-3444-4f2c-b9e2-3d587d41846d,Vivaan Chopra
81c6a055-492a-4430-959a-2b110fa6820b,Nikhil Tiwari
5c422707-d31d-48da-abd4-995d13d5504d,Harsh Reddy
f989d4cf-c8ed-4f7c-a59c-dcf26773f1f7,Ankit Saxena
e8702b31-08a2-4085-ab36-5c6459b0bbe0,Riya Singh
4762e5c1-5423-4a10-84bb-b5f0e06d84c9,Manya Jain
2c715b26-1a54-4b39-9074-e692e269a7a6,Kavya Chopra
d8553b54-782a-402e-ba3e-79c4ed789d76,Manya Sinha
e4cb057c-aa62-4c5b-94ae-7025e17d7cc5,Arjun Verma
e6ceed96-b539-471c-933b-5c9acd7fcd7c,Avni Kapoor
53b63cc7-b45b-44c9-83c4-85eaf8d2efe1,Nisha Nair
8ad5bee5-7c74-475a-837f-cace96dd7ce7,Riya Agarwal
d08b8625-8735-41b3-a5b9-ec8d38586394,Karan Gupta
ba20febc-5f02-45ba-9ec9-d04e07e77ffa,Tanya Nair
d0d5f9fe-7956-4ef1-b891-7c4a09a344dc,Rahul Sharma
bf0cbf48-35df-47b8-bb1b-180b4e2d7b19,Aditi Tiwari
9ad16f05-ddee-429b-befb-e7bb770b57b5,Avni Joshi
89ec2520-8577-4f60-95ed-7d8fdcb2ed47,Nikhil Reddy
66f9b9a3-9cb7-4a42-a5da-d2f1d02ba65c,Ananya Chopra
a2df4517-6bd6-462a-9833-5662008bba5f,Aarav Khanna
5fa5d764-7a07-4cfa-9e59-056f58fbfb2c,Pooja Iyer
6d63c25a-2eb9-4b7a-a6f6-120cba15e047,Rahul Malhotra
d6b5ecd9-c1ac-4c69-a886-e547416cdea4,Raj Khanna
0c260fe3-5e7d-4e48-917a-8da0087f5ac4,Ananya Patel
6e9136e4-8059-46dd-b4bf-c19715804c75,Vivaan Joshi
e44e9374-bb60-403c-a215-729f20c30185,Sakshi Patel
c71bd27c-f360-4a2d-98ae-8b6c03635a17,Manish Bhatia
0b003667-bc67-46b1-bc02-2ba9ddd1346a,Meera Kumar
adbcdc30-7514-4486-919f-617e1549ea39,Nikhil Bhatia
3c6b8b90-e83e-4f6d-95f2-faff1d9dc837,Tanya Bhatia
139b360a-7725-4a4d-a229-eab80be8d4fa,Neha Reddy
17bdf970-f6e1-4e55-b21e-1bf00743809c,Nikhil Kumar
88b9d5fb-84ba-4a6a-b6a4-fcb2847902d7,Sakshi Mishra
bb8b5eef-dc0d-480d-8836-70af23349963,Sakshi Iyer
14fc0cad-0cd2-4f8e-9a1a-f77df333e580,Meera Singh
9b7c4c38-9658-4f45-ab30-683eb7d6df70,Pallavi Joshi
07f4208d-7218-4070-85b7-2b540a1bddbe,Sakshi Joshi
a022e20c-033f-416a-a1e8-3f1dd45ea49c,Sneha Singh
50fe4fbc-766c-4207-a0a0-8b7e21f8bd9b,Nikhil Bansal
bcf581fb-ab12-4345-afcb-703db1f0c016,Ananya Gupta
1a87c5f3-a932-4852-ac0c-b0ac5a2627b1,Simran Kumar
65f1d124-89c9-4f73-85e9-7e41168a6d2f,Ankit Mehta
53134493-9a0c-41b3-bd02-be331b94746a,Yash Kapoor
c6230195-dc16-48e3-9f61-a81c49caa3bb,Vivaan Patel
14554bec-65be-44b9-b013-2964f1e5d644,Vikram Khanna
ad1d31b1-3abe-4f5f-b70b-2c588b09be69,Simran Iyer
49088e52-2653-421d-9e75-61713203308d,Varun Sinha
00ca63ec-4ba0-45f9-9525-251368ca7e7a,Diya Malhotra
7493b6cf-51fc-4216-843f-916d259a311c,Ankit Sinha
06982117-6075-4ea3-80f3-211f891caa7f,Kabir Khanna
2fea3e9e-2f1b-404c-9b00-e28c28fe292c,Riya Sinha
b726e148-4a35-421f-a13e-ff5e0940f2b2,Raj Nair
6d8c63c2-6618-4086-803d-7ae51ca12e77,Neha Malhotra
90ebe80a-b125-4a4d-ad48-472d78573152,Karan Bhatia
9cbadf30-f568-4d8e-a52c-7c99e85856e6,Isha Malhotra
a0ca1a73-c166-4130-b256-6dbe4251d4dd,Siddharth Sharma
b414bf0d-9dea-435c-bc11-aa91a4f44152,Simran Bhatia
f05280df-c788-40f4-8911-12a866163969,Kavya Gupta
7568c9f4-07b0-48dd-8f00-177a33c476be,Sakshi Khanna
b280db7e-22de-489f-8501-5eec39279217,Riya Tiwari
b12c681e-a038-46cd-81aa-5df0ca1b039b,Shreya Mishra
fdbad7a9-ba1e-400f-bca7-c129bf9ce3d6,Tanya Kapoor
b55d80b0-f93f-4229-8d64-2cf81dd98d1b,Manya Gupta
1842e120-1fe8-4b3a-87a2-c70ebccc8948,Vikram Joshi
c6b25a39-306d-4cd6-abd1-8c5df98dcd53,Isha Iyer
6cd11371-2739-4ded-b960-be9b249e4f8d,Nisha Chopra
c1433db9-3fd5-4936-bb7d-64c7ab41788d,Karan Chopra
26063cb4-a9d3-49ab-8075-264aabf9bd52,Aditya Sinha
b3022ba9-ab3a-4639-8635-590ecebc44a3,Vikram Shah
2a67c751-e6ff-4e94-89c2-c4bfa63ba494,Nisha Khanna
c9dadb2f-4aa1-4ab4-931f-5a8786743b12,Avni Gupta
0e445b51-c4ef-4469-b5bc-0b5aac6a46b0,Avni Desai
2a35e642-e8d8-45fe-95d5-fa66bc326571,Sakshi Nair
5f6c4a37-9c57-4280-8228-70443a2c05cc,Siddharth Shah
95a305b2-874c-4be6-af3c-fae4bf43eead,Sneha Gupta
20bc2587-694f-475b-869d-25b4f492a97a,Manish Jain
fa2e0e1b-e5bc-4936-9b50-878e97cbc694,Akash Chopra
3c761e7e-10b0-455d-8508-be93a61e4ccd,Manish Reddy
72f48c58-58cf-466b-8bdf-83f9a713b695,Varun Kapoor
9e298291-7258-42b2-b6d1-bb7e8ac7084b,Pooja Shah
fee20058-176b-43e5-966a-07c191909efe,Sneha Iyer
a5b80758-c67d-41b9-af4c-ec2acd7a1d9e,Avni Jain
1552d5c6-c3db-4ad2-bb52-cd7046abe57c,Akash Kapoor
0efb2dd1-5e13-46aa-b8c6-97f2df63c6b4,Riya Saxena
f53e3127-62fd-42c6-adc8-23e0eb71c150,Priya Singh
5353ca22-036b-44cc-ac64-557c4078f81b,Harsh Tiwari
a238952a-de45-4590-bf89-024b852dcde7,Karan Desai
5fbd82b2-730a-41ac-b0a0-4c5cb681cfdb,Aman Singh
0380e6b8-a1dd-487f-a274-94ec1c641e42,Pooja Reddy
ad90d9e3-15cc-4f09-b946-afbb69c507d6,Sneha Tiwari
52b00dc5-4aa8-4192-b5b2-7d30c8d53bb2,Isha Gupta
784fba88-c04c-4ec2-a894-ef6eab6b6fe7,Ishaan Kumar
84bccf29-3add-47b6-b27d-aa536e42dee1,Meera Bansal
ecb40181-4919-4d84-8560-9d9b525c12da,Manish Nair
268592a1-becf-42cf-8faa-729787abf72a,Pallavi Iyer
b78abea0-0d1d-46eb-a20b-d5bc29990205,Pooja Chopra
4dd3943c-6db5-4356-9963-c9e13e6d6bf0,Vikram Kapoor
4dddb481-8040-49ad-9d13-25ce0f16f88b,Simran Sinha
812e522c-3b2d-4d0c-acc1-0fd8262528c3,Raj Verma
51f34610-df75-46ea-b9c1-93e08d606a71,Arjun Nair
c7b96c2e-f383-4531-83b5-ee17636abe2c,Avni Nair
9bcc759a-fd8f-4067-8539-b0aeed63768f,Harsh Mishra
d48f125f-9533-49ee-9e4f-e208d8c94f66,Akash Verma
aadbf331-4ef8-48d8-853e-1de8e2b28b57,Aman Verma
3981f81d-de51-4dfd-b9f5-44a2e2bec63a,Neha Patel
677b4ace-29b1-4608-bd17-92605e5c81c5,Aditi Iyer
f644f6e1-4e84-4b0b-88cf-9442095fa509,Neha Desai
66658745-c3c6-4bcc-b147-a32b7469ac2d,Kabir Mehta
4df612da-ef79-4bb0-9a81-e874dc6c458e,Priya Bansal
0e753b39-69c6-477c-afb4-d1c132631f66,Radhika Sinha
a1bf481b-e23a-4a82-aa39-b8aa66533afd,Siddharth Nair
1b96a254-9f71-4b97-8ca6-a17f04d615fa,Varun Agarwal
80f4a5d5-7b26-407d-a1df-2f7734bc2283,Kabir Kapoor
23c10878-4a5a-481b-8b74-7f58494c689b,Arjun Chopra
633e22f8-fdfc-4fba-ae33-d855c3dd4d5d,Siddharth Gupta
b4c7ebd1-ea9b-4616-81fd-fd9869ac2869,Harsh Sharma
3eade460-20d5-4b43-a26d-cbc41e5c72e7,Radhika Singh
eda8ad38-d11a-48bf-8343-842553e029e1,Shreya Sharma
86353ea1-8070-4d0e-beb9-34bceff93de9,Manya Nair
9b776521-eb49-442c-a18e-b0f1aca4bceb,Manish Sharma
93b1b215-2296-40cb-9dce-9c82597b9ade,Karan Patel
1f968366-e95f-49a4-8d09-e8c202f41029,Vivaan Verma
ac41840e-d13c-4a2e-8b50-64e3b6e6b8a9,Siddharth Khanna
f6f6c7d2-f491-49f0-b151-e5c1d6256042,Harsh Khanna
f2c3997e-0854-469a-b9fa-fb020623ce6c,Akash Khanna
56f94a75-1b67-45b6-8a64-7f169a4cd83b,Meera Nair
fe4f8c97-f727-4226-9422-f0a11c8a5798,Pooja Saxena
44f58f4e-dc82-429b-b2fe-59ea81d9c78f,Aditya Sharma
209d4295-5c30-4fc8-935a-1c0a850a1b83,Rahul Kapoor
4f4412c2-06f1-4904-9d42-0ab915fc18ba,Manish Singh
17cac573-3a6f-430c-88e3-2c09d3e38683,Manya Agarwal
c231947c-98fc-406e-9f29-8776ade6bc5f,Ishaan Bhatia
9fc04204-244d-4904-863e-9d10fcad9327,Kabir Saxena
bebedbd2-5140-4ba4-8a45-80cd2fdbfeab,Raj Iyer
0e18ab33-89a3-4fc7-bd31-49e18c338769,Pallavi Kapoor
e5bbaa17-3164-4c9e-9c1a-aaf1294cef85,Kabir Bhatia
31a152be-00e5-4d14-aca4-ebba9701603e,Radhika Sharma
21988c67-7574-41e1-8a25-46efd60a1a24,Arjun Mehta
3d23c6d5-dd16-4d4b-97e8-9d6136b85d39,Nisha Sharma
312e91cc-5a82-42aa-a8cc-6b2220a344ba,Varun Gupta
63085581-9fb8-4e4f-8e08-6a28384f95dd,Radhika Desai
31822449-44da-4140-8663-ae1595d20dfb,Ananya Sharma
763b434e-edc7-4116-9d8f-a5a00ca60d24,Aditi Khanna
88a88e8f-c151-4f20-8d41-7c97c0872ba9,Ankit Singh
d96618ea-53ae-4965-81ec-73ab2a12dea0,Priya Sharma
6ecc370c-14d0-4a2f-8bba-2db185ec98b3,Simran Sharma
58e4ccbd-4f6d-4ffc-a5c8-bfaabf9992c6,Diya Kapoor
c4a269c6-9efc-492a-bdcf-0d027c754873,Riya Joshi
a6ff42ba-c39a-4fbd-884b-35d07b5ab40f,Tanya Tiwari
e8ab8789-ceca-4456-b2cf-d2943bfee93b,Harsh Iyer
0122c7cd-2330-47bc-9e42-6d6d65286bca,Rohan Iyer
119cb3fc-ac3b-4458-9202-a5875c354fac,Harsh Gupta
b5c10fce-7348-4197-ac22-4cb4ddab4aa0,Kabir Iyer
ac8096f6-9976-465a-b67b-40da1c63ca84,Vivaan Mehta
dbae6c69-ca52-4d15-8683-e9b600dd20bc,Avni Malhotra
3afcd865-ced9-4387-9dfd-1e5e890e50e4,Rohan Jain
49dc1417-baeb-4122-914d-2f2b7f712763,Meera Shah
07a270e3-f1ab-4c20-838d-e98b90f9594f,Aditya Kapoor
5406beb2-7fd1-4d75-a28e-d22d6e0784e3,Shreya Jain
6c20813f-3709-4279-9289-6b6116ec3563,Diya Saxena
9b480d79-d200-48b9-a205-fa0409e2a2c8,Aarav Shah
0184898f-78e0-44b8-b257-a7c6d792b689,Sakshi Verma
4c4d16a4-ff37-4baa-96af-0553f3706e1a,Priya Mishra
c2023cb3-63a9-4402-b06b-254742c60b19,Yash Mishra
83669f3b-73d0-4db3-aca0-2049212e20db,Sneha Mehta
edc513c7-7afa-4440-a3d3-abc8e4ecdb69,Karan Reddy
0efb53aa-df00-4003-b0c6-b132ae6e78e6,Aditi Gupta
987ff92d-66d9-4bdf-b8be-c2b83d3c1b42,Priya Verma
019e2665-f34e-488f-9eb1-1982bd6df805,Diya Jain
2d500fd8-b08d-4c64-9fbb-be2c8bd4f071,Aarav Nair
2fda89d0-234f-4d6c-944b-40d81676c3ff,Sneha Nair
9aed5899-7cbe-4b17-929c-7a36f97f145f,Avni Mishra
32744eb8-2a42-49b6-841b-9b958b67b29e,Riya Malhotra
cf0d9d01-99ef-4d12-9745-8d310e41320e,Diya Bhatia
59ae8e3d-6d4b-4d0a-82fd-4ad6e22a64ee,Kabir Chopra
676f7454-2e1a-468a-873c-f73fb1ee4109,Karan Sinha
7e3ee5d6-ce4d-4e62-932f-28899ad65807,Aarav Mehta
8c0a451d-c3be-4146-8ed7-031842cd039e,Yash Reddy
94e369ef-5a7f-4b4d-b439-0aa55ac8d148,Aarav Desai
0d38cd5c-a40a-48b0-a893-aa1764930c76,Rahul Chopra
6c0bc228-18d6-409e-970b-9229096836b9,Aditya Mishra
1d4b2566-47dc-49e6-98b3-e6cc934f2800,Raj Kapoor
d531be04-d868-4819-9b93-0dd485d7d347,Varun Verma
1b8b1d54-0ba7-4c72-beee-485a025f4cf5,Siddharth Agarwal
c1e99218-02a0-459a-aaee-840aa36a413d,Karan Nair
ebc435d6-c874-40e8-85ff-0601c799bae5,Neha Mishra
213fbc23-6dc9-4595-8658-83fbd0483cb7,Aman Bansal
c8bdab9f-0908-4144-ab4f-0c44a29d8ae9,Priya Saxena
d1354938-f3f7-4a2b-a925-0e4d387f5228,Simran Malhotra
3c3a71df-e1f1-498c-9d95-3e679ad446a8,Ankit Kumar
98b2ec4b-c7b7-4d1f-883e-4cb686018e23,Nisha Desai
a7ac81e5-40b4-4315-b67e-17613147f15d,Pooja Singh
fd1ae570-89e5-41de-9227-f54548c9c7a5,Simran Mehta
46c4e8e9-a538-4134-b900-9caca94fdc59,Harsh Kumar
0f2dbeb6-5d3d-429a-a776-ab364e2dc573,Vikram Malhotra
e0530cd5-6eed-44c8-9e17-2f8b90fa2deb,Tanya Chopra
d16573d5-2ed2-4bbb-a5d8-eb479e45777b,Ankit Kapoor
811bc928-8cec-4a6b-b189-9a57c44edfbd,Priya Gupta
58f6ea79-647d-47d4-8c45-b94da575d0b1,Pallavi Kumar
1dfdd56d-cca2-4944-b42c-9ff221420af3,Isha Kumar
0d018bb0-88bb-4841-9ac1-f1f5ac06be25,Aman Saxena
8625d606-28f9-42e9-99ba-5e035f17129a,Rahul Verma
896da20a-88b9-458a-ba87-426cc94a9c81,Aarav Chopra
d598dd48-96ae-4235-86d6-1b1175cd115d,Yash Gupta
1dfa9dc9-14ce-4034-8506-5255c267538d,Ankit Mishra
0179d5a3-7178-46bb-9503-de92a11d0341,Arjun Joshi
d75d06b0-ee70-48cd-a26c-4d19e73cfb00,Ananya Kumar
e4f98b81-fa5a-4131-ad06-c94507829bd9,Ishaan Saxena
22047105-7f71-48fa-a4be-ad319479a2ea,Nikhil Mishra
d74dc163-72fe-4757-8a88-025656311095,Harsh Malhotra
008eda95-ccd7-4d70-9ee5-61d1b9017f27,Siddharth Mehta
8be0fc9a-b046-4617-8af8-d87ee4bb86cf,Pooja Agarwal
8761af50-5616-4055-8c64-697946562a41,Varun Reddy
9d64014c-19b8-4a58-b455-e55b39ab46d7,Akash Mehta
6b89ec47-f4a0-49bb-b27e-c61b720b665c,Ankit Khanna
9b3cda95-e3b9-4889-8a54-ce9c101f9384,Tanya Jain
33b10c82-2252-4fd4-951a-f72e68a08e22,Nikhil Mehta
b73a692c-e5d4-458b-9eef-e4a2f9a45db6,Akash Shah
11097b33-c259-4054-9536-45bea7af8a62,Avni Verma
7a5099ba-caea-4229-a259-34f7ca35cd1e,Aditi Kapoor
ae155de8-a7f5-490b-bdd1-473c92a9a6e7,Ananya Saxena
4a90469e-7353-4a70-ad79-09f9eb371a10,Karan Shah
deb1d27b-3f91-4aec-b1d7-650f9c91c7a2,Diya Kumar
d3344450-c9d3-4187-be56-052ca653d6b3,Priya Patel
43165b2b-17de-433b-b9cb-91085ecac7be,Raj Bhatia
cc268b50-d42a-4cc0-a2f3-978a8dd5aa76,Tanya Reddy
1d7313e7-fc8b-4a8d-9771-c43a7a4c0495,Aarav Malhotra
612064ce-b18c-4a3e-8efe-859ca32a7143,Karan Khanna
f10bd9e4-3242-40ae-8674-9939470c4a34,Yash Sharma
65dae89e-ef67-40c4-8fb6-01fabe403441,Ananya Joshi
ba46c39b-37d4-4fad-9cf0-799b9343a2d8,Vivaan Singh
24125817-a25f-46d3-8957-de7dcd9f4757,Isha Mehta
44196936-b144-44c7-9885-29b0970259ca,Raj Mehta
33b8d9c3-a1c4-4a0d-ba4d-64c6d5613e5f,Nikhil Gupta
386f5196-dd2a-44eb-8d82-c3d5e5b6fb20,Yash Iyer
15706242-32dd-4b73-9b4c-cd89aba89c58,Aditi Jain
1b6fefc8-8e05-4b5c-abb1-26f7fd4dd7a9,Vikram Saxena
f267ee68-6851-4a51-a503-2032dcaf85d3,Kavya Saxena
329acb75-e340-428d-a45d-c534f85030dd,Raj Sharma
32a2a6d2-4714-433a-9942-244216f6e4c3,Arjun Patel
21cfaacd-572e-4ef9-8a56-00b5958a1c97,Ananya Bansal
662bec47-6891-48ea-8bd7-58b7f0858d88,Isha Sharma
ad569d1e-6017-4809-9da3-71793e4caa46,Ananya Bhatia
a959b316-3a49-4686-af22-a038fa9bf053,Kavya Malhotra
34441ddd-666b-4d42-9e1f-9d9dec25bd96,Vivaan Sinha
d6853207-37a2-4fb9-8ec3-5ea6edfa1930,Manya Malhotra
8f10807e-4369-478c-affc-f0e0a1762623,Priya Kumar
3168ba70-b479-4c94-a5d5-b07ccbe433bc,Shreya Agarwal
35e405ba-90df-4333-8ac8-aec30da3d19e,Kabir Mishra
512c1838-d86c-4c2d-b2f8-0f3ffc312592,Manish Malhotra
1aa08a25-4d70-431f-881e-1a22f1fb64f2,Akash Singh
a26008ff-6ea6-4478-955f-f94acd7455f6,Sakshi Kumar
8f2466ce-30c3-4185-9382-ce6776b9b182,Simran Chopra
dbe87d18-f7c4-481d-b6b9-9c1b9ce0fcae,Kabir Tiwari
2e495db8-460b-4734-9607-d206da85972d,Meera Khanna
93045812-25b2-48f4-adf6-2e1268d14fe9,Varun Desai
f11381f7-5332-443d-b0ae-cbd0c5835cd9,Kavya Agarwal
00ed47c5-232b-4dcc-ad88-d0fcce97213a,Akash Kumar
357d9b5a-8f7d-40ed-a2c9-77cc572e18c7,Shreya Bhatia
8a7f6ad3-b6f7-4995-958e-bc45b3b1c54b,Siddharth Verma
b1951187-0e63-4b02-9e9d-02c99e6b578b,Kabir Verma
4916a478-950e-49ea-a485-4b781bb55c49,Kabir Kumar
74456618-21a2-40c5-8fe2-7efd7d5028b7,Simran Nair
6fc5a47c-638c-4c08-a4c4-ed2cffe73786,Manish Saxena
7007e305-597d-406b-b61c-bf0223a74507,Avni Tiwari
76b5ae5d-2b0d-4ea2-bebf-6e3b66597b85,Radhika Reddy
92142314-9c57-405f-802e-95430503cf08,Raj Tiwari
5d85d8fe-7f65-4ad0-b770-c666389efea9,Isha Desai
f7fc086a-4c22-4052-8dde-1c252d677a2c,Aman Agarwal
d5769c27-9a4d-4a80-86ce-e11f2d859f0e,Varun Chopra
acb7c60a-8e92-4c0f-aeba-3e9a3a5a4ffc,Raj Joshi
d9156bb0-e273-4f85-9c8d-f770b2ccfca3,Ishaan Bansal
e957641b-62e9-4b71-8c43-e99b84883141,Varun Mehta
06353ee4-3440-4cb0-bea7-6786b04c9749,Nikhil Kapoor
0ee9e3c3-fd96-4c3e-b834-f29b6a167cc1,Priya Iyer
08271d4f-f2bb-444c-9367-793b6dcf9cc3,Priya Malhotra
18f7abc7-d2c7-407e-ad61-5677d0f07a3b,Vikram Patel
74cd01a0-1e87-4aff-a6ad-14774b2238c9,Aditya Reddy
3a4cf39e-d3b7-472e-a6c4-38d535fe2a9b,Pooja Patel
4ba1a44f-f144-4ddd-87d9-170312587325,Tanya Agarwal
660903f6-e9c1-4a8b-9b14-fc45b9da75bb,Sakshi Malhotra
b50697f3-ed5f-45d0-a589-35a4948c9d60,Pooja Mehta
ad8cb961-1bb6-4431-a78c-971c6f95fdb7,Kavya Iyer
b9fc7788-d664-4f28-b208-7fee27ec6692,Ankit Bansal
6f356ff1-9b12-4bcc-bd30-62ed58a45398,Aman Tiwari
cd5959ee-52ef-4ab7-bafc-d42cabae4aa5,Arjun Tiwari
290fad06-5d98-4458-8c39-da75673438c2,Tanya Malhotra
5459c226-a2ff-410c-a1b1-c0d2c3438187,Shreya Bansal
d48b7c76-d8e7-4b52-b7d3-d1c1939c511c,Aditya Mehta
78167bbf-ddcf-40ad-aab4-94e19eb7afd3,Neha Kumar
8f9debb4-1d28-4e6e-8d30-256878fb0915,Sakshi Reddy
5965b4b6-82c3-402d-b922-1017de2192a9,Raj Singh
28be8f0f-708a-4bd4-94b0-b9873492d8e3,Manish Shah
585c8345-f1ef-43c8-b359-ee328e2e4959,Rohan Khanna
2f4cfc2b-a505-4d21-a2a4-eb14e7153e13,Harsh Sinha
27187614-2715-44ca-8f46-c661e6f22f54,Simran Gupta
fddc5355-c23d-4bf6-9cda-914b44b99af9,Avni Sharma
ec4e4a83-8eb4-4f19-bb9b-e3a2f490d7b3,Yash Shah
b9f7e7b0-5b0b-47f5-913b-a9530b4c66e5,Sakshi Desai
33351ca0-409a-4e6f-a70d-e00a2c2b21b1,Kavya Patel
083ce67a-2455-4d04-9285-8026b556d613,Nikhil Iyer
a95bd534-0aa3-4f0c-b2fd-001d101469de,Manya Patel
819d0a42-5293-42d3-b5a6-84bb1f0c0db8,Rahul Bansal
0bf79b90-32b2-4def-ac31-0fb533263d53,Avni Reddy
77356b96-553c-4a60-ad30-2308a111a3d6,Vivaan Bansal
4f90656d-f2c2-4515-9e8d-569e50bf2847,Shreya Malhotra
4255c023-ad45-454c-9979-62b4886d720d,Manya Bhatia
7a0c734c-5495-428d-bd2e-096c88bb6788,Kabir Sharma
d23eac21-783b-47ce-9c64-a3b5f21ed04b,Aarav Bhatia
b55c729d-9173-47de-86bd-287736853bd4,Tanya Mishra
8e55a56f-1177-4400-b0d8-40aafac803d3,Radhika Verma
c03c7aec-bb51-48d4-aea8-71001c4fd5a4,Rohan Verma
c4ca553e-73b9-44a6-bbc6-398c0281d55a,Rohan Tiwari
685482ef-fb80-4c66-8e78-925f10d1a135,Yash Malhotra
58fcd2ab-5448-4f90-b582-8469edee5605,Pallavi Sharma
90184b19-fd85-4af5-b507-1657040ded91,Rohan Desai
a5321426-daf8-49e1-b3eb-3116ed3dfcbe,Manish Joshi
c8ce254e-f4ac-41d4-a669-133b3fefdcd4,Vivaan Saxena
e60ac408-56bf-4c8c-96ba-becf48167f07,Ishaan Jain
e6fd3256-3df0-40ba-8aa6-59f058d6c19b,Varun Nair
2e834b3d-868c-4a59-904f-5df0205d8e39,Varun Khanna
15fdbe9c-f742-421f-bc62-53cd400bb36f,Manya Shah
5d293c53-77a1-4a98-a389-87f01615b487,Aman Chopra
a9f3567e-c519-4c5f-b660-09ac91b37c7a,Kabir Desai
e84d05c2-a516-4d0b-b574-1cd23e334c94,Vivaan Reddy
b65cd7b4-bd8b-480b-bc9c-e2e65e126898,Riya Mehta
6b489094-dbd2-4258-ae53-4857418d1d30,Arjun Kapoor
2c7aaca8-0d1f-4c0d-be1b-091e2dc3d521,Manish Verma
115316ce-db98-4031-99c4-df1eaf5f1e03,Ananya Shah
def7877b-2b34-4ed2-92d6-9acb1508f53a,Radhika Joshi
4313085d-445c-4d17-8f57-49fa91a2674c,Shreya Verma
141b3455-6871-451b-8207-786a270da33b,Siddharth Desai
ea0ca881-c69b-47cd-955b-522ed594c57e,Raj Patel
54f20e11-3270-4f75-ad69-993414bbc3ea,Ankit Verma
bb9a4f31-2b02-40b8-89e7-31592785fa0e,Radhika Bansal
1ce5cbdf-62b3-457a-913b-753400068653,Ishaan Mishra
0355d4d5-ac4d-4dd0-9ad8-aa4ef0e9de1a,Siddharth Malhotra
ade20dc9-8ca0-4706-ab13-6716a23dde66,Meera Sharma
f124e0b2-d43b-4ebf-aabe-c09bc264a7a5,Avni Sinha
3081bc2e-fe6d-43fa-ad59-9271ce5473bd,Akash Saxena
ad3ef926-9ba9-477d-87ce-75c5d0d81fdb,Yash Saxena
f382b67b-d667-4865-932f-412d8bfad28f,Rohan Kumar
03796b2b-d80e-495c-8eae-5875cfae827c,Shreya Singh
62652453-5833-4569-8602-8de764d9a7d2,Ishaan Shah
6a0e8bb9-e706-480f-906e-f5d7cfa448ff,Akash Agarwal
e649d3df-de70-4c1e-9790-8c39310b8f63,Nikhil Shah
e036e069-e5f7-42d9-9b7d-ea926cdef146,Rahul Kumar
359ac951-a542-4025-8be4-d6ba0b9f2bd7,Ishaan Mehta
e47aad63-431d-4007-8159-8fca7e0c404f,Isha Bansal
d4c4f668-a938-4407-96e4-4530b9575616,Aditi Kumar
86ba2711-fc29-470a-9162-7e8c3dd33c8d,Radhika Malhotra
96e5bb21-fe3d-4035-84e2-a0dbe1d19731,Manish Agarwal
f125213e-099e-4c54-85f6-79d2dc74c9ac,Simran Verma
ccf3dacd-7137-4f71-a05c-fdf6d79bba87,Priya Bhatia
15583497-c3f4-4ced-8f00-306c149c2e19,Simran Singh
05b46ecc-ce56-48b3-b89a-e5dbbe1db739,Ananya Kapoor
5b3bf46d-c71c-4fd2-89e4-8605da125f85,Riya Patel
cdffeb2d-d28e-4029-9691-6745d29ea897,Sneha Bansal
86134350-46e1-4756-941c-084677557014,Diya Joshi
e34d0210-59d9-4352-821e-2485f3db8d80,Ananya Iyer
33706db5-1e89-4ed5-a08a-77ec5c34d5e4,Vikram Singh
574bd083-0255-4f54-85b0-77e70a9bfacc,Rahul Singh
ed76d57d-db68-467e-ab67-e8effdaa9f74,Manya Chopra
c1fb2007-e66c-4a77-b925-11ad0515b3d9,Meera Kapoor
7db1c8e7-c69c-4379-ae12-48bcc4f8333c,Kavya Kapoor
84988a2f-948d-471b-900f-5faf9f533fd9,Ananya Singh
5d6477a5-fa1b-4cfd-9996-f580c56cc4fa,Aman Joshi
1cd1959c-89c2-4feb-9155-5bd9b7756da4,Ishaan Patel
fae78cbb-252a-4dae-b32d-6ef22ddaeabc,Shreya Gupta
1f385e2d-9a67-4cde-9a8b-873f33a8742c,Aditya Chopra
d2393a95-58bc-4ed2-969a-d8c712ed2852,Yash Joshi
044445d3-2af4-4146-a5e3-6e345449b125,Siddharth Mishra
6bc47165-891c-4b38-bd3e-1ef4efc4e2cb,Riya Chopra
9b4e7baa-406d-46e3-9989-dc495b97a107,Sneha Bhatia
67b355b3-fb5e-46ec-b14f-a666730f52e8,Harsh Bansal
66c5996d-2f61-4cb5-bd8c-20a7d48d5f9f,Riya Khanna
109cafa6-6742-45e4-8fb1-3408cee2477c,Manya Reddy
7a3007ee-f163-4fbd-af12-259527c5db63,Pallavi Gupta
0d10464a-fcd2-4a45-b5a0-9a0ba42c6485,Karan Kapoor
eee40060-754b-4351-84c4-77f9241f3e45,Neha Bhatia
602713f6-a0e1-4ba5-a02a-819234daf7a6,Siddharth Reddy
41f7922f-b042-41f7-aa96-e36177621b2a,Manish Gupta
2290af59-ba13-49ca-a034-d6c87597ad04,Avni Patel
d4bd281f-d0fb-4324-8a89-35f1aa28256b,Vikram Reddy
412a3b26-520c-4aef-b2f4-5183099c58f1,Diya Reddy
cbdfa346-dcbc-469a-9c54-339ac609746a,Nikhil Sharma
17dff55f-a877-471f-a832-2c3c6e0be703,Pooja Tiwari
629057bf-f2d9-47c6-b9ca-08303e85a095,Aman Sinha
0b92e6ce-2b44-4e2c-ad1e-72c901fb3e62,Nisha Kumar
2390dbb6-146e-4fd3-952c-790e4a508e72,Sakshi Bansal
add5b5ee-92c3-410b-ae41-0b39c3416a3e,Ananya Agarwal
a1632859-b091-401d-8857-b7370e6a25cd,Aarav Saxena
ae4c0198-3bac-4937-9a76-51c590fd0dbb,Ananya Nair
15fc96c1-b3eb-4a7a-a866-8e92e88e1f28,Arjun Saxena
15dc34a5-3f4d-4bad-8552-8a640797b2da,Nikhil Desai
70b07349-c2e2-49cb-95bf-29ebf9ce7701,Akash Malhotra
2e6d915c-6085-4243-880d-3d37a7d04c5a,Karan Saxena
da9f6584-840c-4767-b865-97c2e2e51ce4,Kavya Kumar
9c9e99fe-313b-47db-9e1d-ca2ba5583234,Aman Kapoor
dec0a8e1-35c9-46e3-a4f8-6d904cd9c352,Varun Malhotra
ab194ae7-25f6-4c63-a391-6994117211e2,Radhika Mehta
4af73299-153d-4fcb-83eb-1f5057745bbb,Ishaan Malhotra
269c244c-be8b-44b2-84e5-e62eded622b7,Raj Gupta
5f19cfeb-f93e-4f9d-94f2-f055734126e9,Ananya Mishra
cf8a9d66-f689-4dbe-be7b-422f7a3e3cd5,Karan Verma
b05e9e0b-fb33-4acd-a891-116d8de4e378,Sneha Verma
ac1ddf90-145e-4868-ad9e-cb1e0da11f3b,Nisha Reddy
99f570fd-feb7-4085-976a-048419714eed,Simran Reddy
b99f2289-bb21-4983-a875-c47892954a41,Nisha Patel
37d130d9-1deb-4333-8394-e2adba905a8c,Aditi Singh
94918c27-dd4f-400a-951f-67dd055525b0,Nikhil Saxena
192ce654-0205-44f1-b901-272c8646509f,Arjun Sinha
6d3025c9-1403-483f-afd2-6be5ae0a609e,Sakshi Mehta
4c864763-8062-463b-b055-2d5e0270e4b8,Yash Khanna
13058c28-444d-46fd-acad-f5d46619cb86,Priya Desai
cfa4864f-967b-4bd5-a1cc-4a029c7a8499,Aarav Mishra
ec093160-6b2d-4b16-aea0-950ec46cd0cd,Harsh Shah
64e32936-6089-4bd1-89e9-c3228f8a419b,Radhika Jain
29264549-d2eb-4764-972b-534e70b8f6d4,Shreya Reddy
a32baf72-3d8b-49d5-8e54-04ae53809ae6,Yash Singh
d51fd95f-66c4-4343-8b34-b0d1db845910,Pooja Desai
c096cbd2-632b-489a-b601-a387926a8d6f,Riya Gupta
8894ecb0-58f2-443b-bda3-555583495b0f,Aman Malhotra
e9e10d1c-457e-4cfb-8b17-6db2c4afe6d9,Siddharth Patel
b5232291-8b95-4fdc-bffd-55c9aba03f1c,Karan Mehta
886f029f-c00d-4721-8f76-b7a65d53d7d3,Diya Mishra
7d2fbb45-7771-439e-b7bf-fc2bb3640890,Manish Desai
dcf7a0f5-5c45-44d4-935a-ab69f32cd495,Harsh Desai
485a771f-7938-4f25-b6be-a164c6c6e1c0,Vivaan Malhotra
11ab2abe-be97-4d29-a1b4-54bf7757c1e8,Yash Nair
8203681f-c33e-4ed4-a9c6-5d223b108df3,Sakshi Gupta
357c7935-5a53-4438-aa41-09a475c88f44,Neha Joshi
f908dee7-bfb1-4cf9-aa7e-8dd7fd7921e3,Priya Kapoor
3ce394e3-cec5-404d-a7ee-964b8c2b4d93,Arjun Bhatia
ed652fe9-54d4-4b14-91f7-b97e450c8055,Siddharth Bansal
fdcdf527-e59d-485e-b20c-d083b01be301,Aarav Bansal
ae04406d-dc26-4ddc-91d2-238530e5eff2,Pooja Joshi
bd1677ba-8966-456f-af3c-3ba8ff943c9e,Rohan Sinha
dfe3fcb4-8a98-41e5-afef-901f8fa5d3cc,Yash Jain
686b0d2a-993a-4d24-9868-8ccc08f22a4e,Raj Kumar
d666b82b-00b2-47fe-b9cb-e4628395ee79,Simran Tiwari
0c303295-e725-4c27-859c-bbb278962202,Varun Bansal
3e44c697-f2ca-41c3-bd2f-700284db28ae,Vikram Agarwal
7b3eaa81-5e57-4bc1-9f40-a1e350e4d2fd,Akash Jain
bf0ffb67-ae09-49d8-a5a3-10ecd3964f94,Rahul Mehta
416f2ce0-09b7-42a7-8ea8-09187b9cdcb7,Ankit Gupta
b4ea3bc1-308a-46b4-98d6-f10c085dfcd5,Harsh Singh
4e796413-736c-4272-a38a-deb5fee65746,Vivaan Mishra
bd40fc1a-dcd4-49e4-8300-df5bf583326a,Manish Sinha
fd0d2cfa-4902-4a23-9b71-7052cf7c86e1,Rohan Malhotra
cfc52ba1-e807-48dc-812a-b395093072e1,Tanya Kumar
b993dd91-2ea5-4560-9e00-51bb6058f0ce,Simran Bansal
0c3e1f83-d600-4bc8-943b-5ef61636580f,Pallavi Bansal
f9aae20e-612f-4ae7-b40d-8b7adc9a6035,Raj Jain
f1671a91-dc57-4683-933a-2d560289302c,Siddharth Tiwari
912c6114-330b-4cee-9c63-02e37bf27988,Karan Agarwal
c0eb9fb8-f119-4011-bd07-5c51957b4193,Radhika Saxena
a7af23ab-d9a2-4806-b986-4dbaa8e078b7,Raj Saxena
87587817-bf05-4a69-a490-63c07f57af2d,Karan Singh
414e5f2f-ad31-49b6-9afb-996efa5f164c,Avni Mehta
0621ec1e-68e4-432b-9231-bea7df755460,Shreya Kapoor
d165ce5b-8034-46a3-aa89-1c3e3ffc8fa0,Priya Khanna
2a038492-507f-447b-9315-04b961a5cd0e,Sneha Desai
c9c4eaa0-aac3-4caf-b915-a1fe0eb3ba32,Kavya Sharma
0aee7850-fb55-4bc3-bc2a-b66bf752a5a0,Rohan Shah
e85c6743-3a25-4090-be3e-857844181b80,Avni Iyer
5125e106-34b3-4f11-858b-09d78fc2a52c,Neha Verma
19e965e9-9752-4f37-b8a1-d85bbc8d9780,Vikram Sinha
8693956b-b7ce-42f8-bfe6-d157c5175129,Meera Iyer
31077741-a81a-4d54-8bb3-1decf425b4e5,Avni Shah
c93d9723-5c7f-4a5e-b750-7b885068f02d,Varun Tiwari
9761af44-c01a-4dea-840c-a8b8a7c68c4a,Vivaan Nair
8d3e4880-6b07-494d-b27a-b58968cc3812,Kabir Shah
e5f9d33b-64d6-488f-bb17-58c5bd3d3182,Yash Tiwari
ea400295-9c70-4e77-a213-23cdd9de5fc3,Ishaan Verma
920f510e-d492-4f2f-9828-49451e586d20,Isha Chopra
6b36c9d4-e56c-45da-b3bc-ba4043e18bd8,Vivaan Kapoor
b4a88e2d-8725-4db0-a9ee-5546301d4aa9,Ishaan Gupta
d076ba50-7861-4804-a472-09c51567b527,Pooja Verma
a7540b66-73f2-4d27-bd7d-f7230f2ee585,Pallavi Malhotra
ebd10969-37f4-4161-8d94-275c946542ed,Meera Verma
87ff2ec6-8dfb-4e65-8e40-6077954aa952,Yash Bansal
13c9819c-7d8a-4e00-82a2-69d231cffabe,Akash Gupta
6972cd64-8b7a-4ccc-a5e7-82d7c3a8350b,Nisha Malhotra
c1d3abb9-73ce-4740-9abe-cf2ca286240f,Aman Reddy
405d1383-35c2-48fc-a40e-e8621367b71c,Kabir Agarwal
e58e07a7-63c7-475b-907a-533b71a434ed,Siddharth Sinha
e28f1e85-6a79-48e5-af94-34f4c5ceb0ae,Simran Patel
ce177866-9648-40f8-aeb1-95dbac64edfd,Vivaan Desai
c46b7e16-7ec6-4f96-9e92-87ddd54195fc,Nikhil Agarwal
e70af638-9e78-481c-b90b-e7cd009b8794,Neha Gupta
0a52ae44-fb12-4076-8282-765430f8d4a3,Sakshi Bhatia
7199c75a-3e30-4e03-9587-a1c5f1c8d843,Aditya Gupta
2b966a6b-fa38-4fe7-9712-76dff4ea3367,Simran Jain
e4d45c21-565b-4bac-9e4d-01f6f73d41e3,Nisha Mehta
59760d71-f10b-4ff1-b66d-f7ff812160e8,Radhika Gupta
de6052a3-3ee3-4ee7-a62f-a5182973503c,Isha Khanna
f1b0f6a4-75aa-4008-8456-a1b6068810c8,Rahul Agarwal
75135d5b-34c7-4720-9578-a36108f788a1,Vikram Verma
d6eac423-1251-46e5-8787-142ebd0a82fe,Rahul Tiwari
4702f47e-ab49-47ca-938f-8b950cbd2542,Nikhil Chopra
e3797804-06d7-4ce6-9477-c1f56cfca22c,Nikhil Patel
e16a46d0-a720-41ec-8f04-6af229b2c968,Pallavi Patel
47c2d65b-970c-4092-b6a7-4ec400965d44,Simran Desai
d25b15ca-7f9d-484a-ac96-dd141e926c47,Rohan Joshi
5311cc18-2a36-405a-ba15-139164616b11,Rohan Reddy
7c370571-bce5-4f43-98aa-7e77f8866fa9,Sakshi Sinha
eb77fe96-d9fd-49c5-b079-e8b9a609cb9a,Kabir Bansal
db2f3b3c-0651-4c97-984d-ae1a719297b2,Rohan Singh
11a334f2-8beb-48fe-a43e-9425ff60faa5,Varun Singh
4043f3e8-192d-4605-9e47-e9d7966f11e6,Pallavi Saxena
64e49050-0fe8-4326-a622-563c6c3a12a9,Aarav Agarwal
d2e6eb6a-1a76-4da0-be8c-f4228ed60739,Simran Saxena
70c30f25-15e9-48c5-829c-079dc21362df,Varun Joshi
3dd07463-c793-48e2-9a98-577b0cb567cf,Diya Singh
d373ab78-e562-42c9-a3fa-83da3fa313e2,Sneha Reddy
2b275e67-ca6c-4c6f-abe9-edfbe6290bdd,Priya Joshi
81324989-3d6c-48b1-b7d5-904e08a48023,Nikhil Sinha
0e7d6c13-f4f0-414a-9ec6-e123236a91ce,Manish Patel
a779dffd-51dd-4c1e-ab0b-02b0822ece8d,Manya Mishra
ecf57a4c-ece0-4a71-9179-2392b9127603,Priya Mehta
59d6a0ee-2b79-44d6-a28b-7b04e81c784a,Vikram Kumar
522d02dc-ff6d-4a0d-921e-454cdfb91267,Kavya Bansal
a3427060-7d05-47e0-b6c0-d8f8d2f4615c,Meera Desai
8530be78-39a3-4068-b38b-1f5739f8bc7e,Riya Reddy
2e286d7c-70b0-4b7c-b3d9-39d7d8ce5439,Neha Bansal
63f6a03f-e4a7-4dbe-8852-ca437d5bd92f,Diya Sharma
eac8fec2-b497-4466-a2cd-65cba714fddf,Arjun Sharma
a922abdd-4529-4f8c-ad89-bac920afdfc5,Rohan Gupta
4817a088-f018-4d2e-847b-b9e4433cfadd,Isha Verma
735f8466-ea40-4e06-ae0e-c3be9b6abf72,Shreya Kumar
311f501e-06e3-465a-b437-8cf3d232c258,Aarav Joshi
93553e44-a468-4357-b23a-babe24424161,Aditya Khanna
89917cc7-113d-4181-b493-c2516939edb8,Pallavi Verma
056f3f95-c203-40be-b37b-366b1979bbb8,Akash Reddy
d00ed608-8fda-417c-a6f6-abb208cf4bb3,Varun Kumar
d8f4b2c9-657d-4760-93ab-99a27b5bc0df,Kabir Joshi
5c3a53b0-3cb9-4f64-adca-b97e3ed28cfb,Shreya Joshi
7e5a37d3-ea55-4b4d-9c77-17446c25d5da,Manya Joshi
6f007aab-b99e-4d06-8357-4b50fe5f21d6,Ankit Iyer
5fe159ae-80ea-424e-9e53-51f81f8a3c4f,Priya Sinha
d4ce8919-b68b-480a-8bbe-5a477f2d36a9,Rahul Joshi
780fe98d-21dc-4da5-9b1c-7122b4600dc2,Aman Nair
8f72ac27-483b-42fc-aec8-40f7e4f87247,Shreya Desai
57c8a376-f664-4d60-861b-d497e278ea4a,Ananya Malhotra
c02957f1-5ebb-4725-a6ee-0eb90b96935f,Isha Patel
d8868687-9fda-475e-b1df-645344718edb,Tanya Desai
1f312583-70ff-475d-bbaf-b03b74094d47,Pallavi Reddy
eb832938-117d-436a-a1d6-d16b712c1113,Arjun Agarwal
7c77ed41-3f56-4b9d-aa1f-1f2c27cc9e31,Vivaan Tiwari
7d01ce42-8568-4a45-840a-285bcf9f4d1f,Meera Agarwal
b9cef20a-b5f9-461e-92ce-2cd6b2c64240,Isha Nair
33a6ceef-7e01-4cf2-8741-66f298c107e5,Shreya Patel
3bec7d65-3b4b-4d45-9f00-2d8f489d86ad,Isha Agarwal
fca9da38-f406-4799-b165-8a3d0a55f7ba,Rohan Saxena
4dffa4f1-ee50-4e96-b961-6c0f157c9dc5,Raj Chopra
331720b6-ddd0-4367-8187-21a61b36f531,Ankit Tiwari
40a24503-72d8-48ed-ada2-a112454c5e15,Kavya Bhatia
fb4cd49d-b276-46fd-8ae6-231629ee8b1d,Meera Joshi
0d1af9d9-4374-43de-bd3c-597fe427b88c,Aditi Sinha
4691993b-e724-4b7d-9a50-a8b56e358198,Karan Tiwari
eeb821f6-b975-4138-b73b-c55e69d933cf,Arjun Kumar
80e3bbba-7737-4c0b-b8a9-f3ad7438ac2a,Riya Desai
b0fe6291-316b-4163-be37-b57e6b80a7cb,Manya Verma
0eaba284-9ce3-40cc-bf79-fe3951c6ac70,Simran Shah
61843316-154e-4a9c-9786-de451a2b76f4,Nisha Agarwal
b45c844f-786a-489a-a7cc-f55aa33df67d,Riya Mishra
7afc8997-1a18-449c-8956-7f854815d64b,Harsh Chopra
03e59911-d436-4ad6-a7cc-55113a2e10d4,Tanya Saxena
50af50bf-e133-4af7-8bf8-e105b34e365a,Neha Saxena
ac68fadf-d53f-4275-8728-fbd5a13154b2,Aditya Agarwal
81496110-82b0-4c59-81c0-c1a21df60bdc,Varun Jain
88a06d40-2b7e-4c5e-ade9-e5eb5bf784f2,Pooja Sinha
bd9dad6c-2eb4-49da-8dc9-b77671a115c8,Diya Shah
48581129-9165-4ee8-b5f4-3a8bd3c8ad93,Isha Reddy
1ae3f4e1-6dca-433c-8bce-c18a470ab26f,Tanya Bansal
3b59b9c4-42e4-4721-b1ae-ef27980fbfa1,Rahul Saxena
20ebb257-2a2c-4e7c-8563-5442a5330913,Varun Patel
d9645599-da76-49c9-9715-7a77beeeb370,Kavya Sinha
54bd535a-92e2-4284-97d6-aba387e33515,Ishaan Agarwal
a25c1528-bb2b-4019-9e2b-706e62835601,Harsh Bhatia
f7042822-0b7c-4ce5-b657-c554d828b4b0,Diya Iyer
08ed2d4b-9be9-4493-ba09-bf7f0ce09cdd,Manya Saxena
442285d8-f8a2-466f-b178-b2340b856159,Nikhil Nair
672984ad-50aa-4360-9883-ac6b0a6b6814,Akash Tiwari
0e0a95fe-7979-493e-9c00-32ff2de3b2e1,Radhika Chopra
cb729fe3-4cb9-48dd-b27a-639077661a63,Manish Khanna
892dec89-f06e-43e2-a5d4-7185c8876dee,Aarav Gupta
6755932d-ac2e-449f-92bf-e8901839fe62,Manya Kapoor
0d22fb82-3d25-40be-8892-3cae1f41c046,Ishaan Reddy
875c3c77-8289-437d-9a8e-f5173c168381,Sneha Sharma
07e23c33-b1fd-448b-87fc-8650090c5f12,Shreya Iyer
29629ed2-85b6-40c3-a490-7faa2e27701e,Rahul Reddy
d8c42f7b-1287-4249-99de-827b59280195,Harsh Nair
a7423076-c017-419a-8d46-d6c9ab0056d5,Kavya Tiwari
3354ef3c-439e-4dec-af47-f15510f0b656,Aditi Verma
62d5f300-10e7-41b5-8bd5-36cb34621ecc,Ishaan Desai
ab7e89ce-fc4d-43fe-b0c9-62c79d65d0eb,Ankit Nair
e89e7cf5-4d3d-43a5-a9ab-0d52cff98ffa,Radhika Shah
be14641c-56c2-4032-85c9-93bccee63853,Aarav Tiwari
ec390c4a-0291-4953-8207-09fd36382d43,Diya Patel
01c68704-6b21-4469-a5aa-45e41169762e,Neha Nair
b3de5849-ff38-4a87-a725-b05bd9f4817c,Aditya Verma
59ce8957-3a7c-4493-a835-af2bd7d911e2,Radhika Mishra
be892ef2-2f3d-4b98-9a44-9c0e4aefb229,Diya Chopra
9c4bc289-1d63-4ea2-989a-5739fba8012a,Akash Patel
6efdd199-019a-43d4-af44-365a6492dc54,Arjun Gupta
894e25fd-37b5-438d-a704-c218db7bc94d,Aman Shah
4f197b67-91ee-45c5-87af-9c28aa06d9b3,Avni Bansal
3158655e-97bc-44dc-bfa1-ef0f29515d02,Kavya Nair
ec05ba63-cde6-421b-8914-05e33895864b,Karan Bansal
0d7b9a1b-b442-487b-909d-57ba9e3eb0e6,Tanya Mehta
9e3aea8b-858c-4270-a4e3-6fff1f640e27,Kabir Reddy
9d092173-8360-4ddb-9d5c-77281d0f6102,Pallavi Sinha
93f0763a-2a0f-4b86-b13d-bc109e0b4fc6,Simran Mishra
b6409a6e-221b-49f5-a332-a469c9b17430,Kavya Shah
3d3398d8-0d06-4d74-a049-7e15b1178169,Avni Bhatia
f4cfd691-2636-4e16-bf60-76a47163963e,Aman Mehta
15bc181a-0a42-4683-9155-68f8663b4969,Rohan Kapoor
e2e71647-d32c-49d2-b103-7866f4c2a8da,Siddharth Saxena
13e5efd4-d359-403f-bded-465c2f693baf,Raj Bansal
3d68a23b-ff8d-4aa2-9453-ad1fd41a8c08,Aditya Bansal
48056200-34b0-419d-88f7-2b17e919c316,Rohan Sharma
20b2b001-8ad9-42ec-9d1a-1803a20dac93,Neha Kapoor
60fc95dd-4085-4a60-8b0a-5bdc3edc6966,Neha Iyer
0d8d25f1-23f9-4432-803c-52cee02a7b2a,Pooja Mishra
6f719350-b18c-4184-a38e-33296bfe0dcc,Aditya Shah
937ab4ca-1c9e-4e24-8a30-de5a4ec1a4f2,Harsh Patel
7c0607ef-51a6-4ee1-9385-ebfc113e8ee7,Raj Desai
fb3a253d-9ac4-486f-a21e-ed4b394e1971,Aditi Shah
0b8a1eb5-6499-400d-8bcd-0c2bdd982c75,Vikram Bansal
05dae615-b90d-49f7-9cc9-45afbab6d238,Yash Sinha
2db9d68c-eb2d-4a6b-8125-7811512af005,Neha Khanna
682649b4-ae23-4afb-b858-2bdbd126f153,Sakshi Jain
5cc09b29-4827-42c7-a539-e3479beab3b8,Arjun Jain
1bd5360d-22b1-414a-baf2-601bda375598,Karan Iyer
d300f020-9e87-4e5f-bc31-4ddb2cdd0b8d,Raj Sinha
0f1bf93e-3098-434c-a868-4a1af15bac8d,Kavya Joshi
454df5ae-d894-408e-9e42-fb65d2d76cc4,Ankit Bhatia
88609e0e-2331-4543-a962-153208a74f35,Harsh Joshi
47ed8686-9c76-4124-a41c-66e66955550f,Isha Tiwari
414befad-855d-4360-8747-e38c2a8c1b8c,Isha Joshi
22875602-6dc5-4417-a9ab-b10b818d9962,Kabir Malhotra
babec101-9129-47b4-9211-3b648b687c8b,Aditi Patel
a4dcd8ee-dfe2-401d-afd0-a78f6de96486,Rahul Iyer
95bd61e7-c305-41bb-922d-1e172e015f07,Aditi Nair
1750e104-9874-4263-8eda-9b675bd0a32f,Pooja Malhotra
f87c469c-e23f-4dfb-ac2c-5afac697785b,Nikhil Malhotra
e0144848-3ed7-49e8-8157-0aed6c86b6cb,Ankit Reddy
1cba9020-05cb-4f9b-b0b0-730b6effa914,Ananya Verma
41848e2b-2867-48b9-91a0-b2f9ce8a1ea9,Sneha Patel
9ecfe8ac-6a4a-4ad1-b7b9-861ab174a803,Siddharth Chopra
4d61fbe7-0deb-450c-b213-12aef207fa68,Shreya Saxena
6772f567-7aa7-4676-9c19-f16af9fa2b59,Aditya Iyer
39a914c4-646b-46c1-a85c-31ba719eee23,Shreya Khanna
813de7b8-dcd0-455f-a653-b0159dd315d8,Aditya Malhotra
a85ef8c7-432a-4361-9753-f68ca1f3dc6d,Priya Jain
44972f51-08f6-42a5-b58e-d64746171d5a,Kavya Khanna
af90cc38-3a57-47df-9d58-872c3d1b7a79,Aditya Saxena
ea6959b2-0dcc-423e-86d2-24e2cb7a7557,Aarav Kumar
2d04228e-8933-446d-90db-0acb00c15a87,Pallavi Nair
34e19d1a-c404-4f67-af59-d135b993a9cf,Sneha Joshi
a32c4da1-fdbd-4a97-8873-6f6e3bb0c893,Ankit Malhotra
2d405f2f-1280-4f91-b4de-c95b2528efb5,Diya Nair
fbd6a3bb-f806-4d19-b5da-ffd1c02faaaa,Meera Gupta
83e4ec43-e8a9-48cd-bbe6-9bd617eae7b9,Aarav Jain
073b3cbb-54c2-45e8-afcf-ee7cc7a92634,Siddharth Jain
748a5065-509c-439e-9255-01df216a087e,Tanya Gupta
913e9313-364e-45f3-ad92-f3b50cc78636,Ankit Shah
6825cecc-4cb0-4565-809e-5378bd9f5f11,Aman Patel
feecf84a-45f8-456c-9d83-ccbf49c9d3b3,Rohan Bhatia
dfc08b9e-3e69-4a1a-b9b0-eab515c4070e,Akash Bansal
dbbf77d7-3d6f-412e-bd2a-41a80b7ff658,Ananya Mehta
7df72570-959a-4046-b67e-f1d4a431b2f0,Yash Bhatia
1edd0e2f-a598-40d9-905a-1cf44987f69e,Tanya Singh
e9115fb8-36fe-41c2-b0dd-31d5ec442428,Pallavi Jain
6db07996-f80a-4057-adbe-71c482e1faa2,Pooja Bansal
646a66ec-c13a-40c1-9c26-a341a7563fe4,Tanya Iyer
36010a08-374c-414e-89d1-52d319f2b142,Varun Iyer
7b387a80-ae97-4af7-8acb-22b95fc963b6,Sneha Shah
cee618de-8e27-4262-a8ad-2cde89ffad52,Rahul Shah
954b1494-c7c7-4e14-a78b-b526b797f8c8,Kavya Singh
46298598-54d4-46ea-99e5-9b0e3ac8d7e8,Sakshi Chopra
1f31c2ee-85a1-437b-82dd-463a2e33b91f,Nisha Joshi
1a216fd0-21e8-43e3-9dec-f1d93ff7ddd0,Shreya Sinha
744bfe4a-2270-406a-bbce-9a82d2a7d6d5,Yash Agarwal
ce92f545-b2b6-40b7-9182-a7b6c2cb3b3a,Meera Jain
656c54d8-3942-4d28-a4ca-9f6c5b51d613,Ananya Tiwari
81d5d2c2-fb07-4c1c-98f8-722df5c7a02b,Shreya Shah
fde21b42-d659-48c2-9fcd-b3a70b297399,Ishaan Iyer
b0d20d47-d94a-4acd-835a-be7d9266be15,Diya Bansal
9b4d9238-29bf-4203-924d-a1ac896e2f3d,Harsh Kapoor
3c4f872b-f5d4-4445-90bc-fc6769b99f96,Pooja Sharma
4f14a63f-4170-4c1a-8ead-eb03130ffebe,Kabir Singh
2505ddb5-ed65-46f6-9505-72310aa3a0e2,Kabir Patel
4ad2f417-6fb1-4399-83c3-626593ea16a4,Ananya Desai
025aa892-7298-4ed5-8c4d-9c873a6a1722,Aditya Desai
235c668f-29dc-4593-b4cc-23124bb03ffd,Harsh Saxena
9f815048-2cd6-4903-b423-a027f397c1a1,Sneha Khanna
8abb98b5-1e7d-486b-8713-4fc47717d103,Arjun Bansal
567fe04a-b483-4b49-be8e-9ee46e353bcd,Sakshi Agarwal
8c7f01a3-2b3b-42ac-96db-0d78770754b4,Shreya Tiwari
ea37b918-c922-4d01-81fc-75a61d4b8c52,Ankit Jain
ba46fbc2-7c21-4232-bd44-330d115bc73f,Aditya Joshi
a391cba6-5791-49b7-9107-4f602ffbfffa,Ankit Desai
a6c0af9e-da2c-42e5-87b5-5edb9f6e4589,Varun Mishra
47ad0e2b-9fd7-4e8e-ac68-be53ef726d66,Vikram Jain
c3207dc6-b0f1-4a90-9f9b-a58188657f56,Simran Agarwal
5409008b-7724-4286-9122-79148757180a,Aarav Iyer
c43200a3-8862-42f6-bd7f-6c69c387f273,Riya Sharma
792dea64-01dc-4a7c-9c6d-0eb84e40efef,Siddharth Singh
169ce780-4b9e-4e84-9c13-41c8737d4162,Meera Chopra
67fb7741-ed4b-458b-9fa6-3bb29ce782de,Aarav Sharma
ea7c580e-317b-47e6-b0c0-8c2aa816fc48,Ananya Reddy
a58a6f62-943a-4584-a62b-86271fe10295,Diya Gupta
a3584d3c-e91a-4a30-8519-5688a18c6ab1,Ishaan Tiwari
a1c186cf-1531-4205-a423-78005e3b2766,Nisha Bhatia
01901be1-bbed-4b83-9298-1e2946799654,Manish Kumar
96736db9-7fde-4ee5-bb24-45dd52b006fa,Tanya Joshi
f8773dba-d2a7-40a0-a5d2-d6cad22c80a1,Pallavi Bhatia
c6492d36-eaae-4784-93e2-652bdd43aa9d,Manya Iyer
08ead2f9-6669-43d9-ba79-5ed1fbf2ea2d,Nisha Jain
9bdbdd0d-7f1d-4de9-8ed5-0a230dc5f36e,Radhika Khanna
5d58a522-c6eb-40e4-a322-3b6ce05030b5,Varun Shah
5755b7de-66e6-4779-be92-3244bc0cc7ed,Priya Tiwari
12906223-fb7c-446b-8733-65f87492886f,Rohan Agarwal
ca1063c7-2838-44ad-bc57-57dd34f4b3ed,Riya Iyer
313cb18b-c7ee-45e5-bf5e-10e638740b86,Karan Kumar
a446648b-46a8-4ee6-9fa9-52543f38a7e4,Nisha Shah
58cb5dcf-5be3-4a1e-8b20-6cfb303798ec,Riya Bansal
863a16af-ffc6-45f6-8dac-31eb6122c2e1,Sakshi Shah
0a5b0aa9-46a5-443d-beec-c61203354111,Sneha Kapoor
64b4c477-50cf-446c-906d-74c90d2f3b53,Sneha Mishra
69293639-998a-4046-8186-bfd810d9adbf,Aarav Patel
9a698344-9db2-4446-887d-573ce2c351c8,Avni Agarwal
e5886828-e93c-4b06-a022-050660ef26bc,Ishaan Kapoor
74ae5d7b-3616-4ed8-8b51-0e2f2f253d04,Yash Desai
7e81dae6-eb9c-4848-a399-aa126c0a09ce,Sakshi Singh
e20c4b44-a2c2-4df5-a345-1693b8557f01,Radhika Bhatia
e45ea748-41cb-449d-8270-52317f666cbc,Pallavi Shah
c2e1f46f-eca8-4390-abaa-40d2ab20fdd9,Neha Singh
390d6cbc-f8f7-4f9c-853f-0a4ae00513bb,Nisha Bansal
e0595982-3bf7-486f-a859-583756735179,Manya Khanna
953c8aef-71f2-4ee1-8f68-2321d2fdc6d8,Aditi Reddy
72e6bfc1-ceff-4c7e-99f8-8d44555c57c1,Sakshi Kapoor
b1780c09-22e1-433c-b76b-a772f45d7cec,Pooja Bhatia
223b9420-0c4a-4898-9866-908ba56aca10,Rohan Nair
ad9b55cd-3e95-44f3-af8b-00e7e137b3b9,Sneha Chopra
210fb4c7-e6c1-410c-80f7-4a8fa27106b2,Tanya Shah
fbb5386d-6317-4681-b1ba-39d7dfb74ff6,Aarav Kapoor
011d7673-ff8a-4033-85c7-a8969fdc5de0,Diya Sinha
672ca399-2070-4c78-a30b-edea6dcbb2b8,Aman Kumar
4343ad4a-0326-42b1-9f7b-1db010b41511,Ananya Sinha
5d721dad-5676-484a-89f2-0186b9f0592e,Harsh Mehta
d852eed0-ad5b-47c0-b51b-e8a89309ffa8,Pallavi Chopra
27bb7998-46fc-43a1-a9e8-b973894fe252,Manish Tiwari
1bd1d7bd-232e-42f4-9d75-25378e0ffad2,Manish Iyer
2c2764e3-388c-4145-998b-14b973895ae8,Aditya Tiwari
ec811cc2-40cc-47d5-9609-29acf00d4acc,Meera Malhotra
e760dc20-5af1-46dd-a06a-4671b4179a7d,Pallavi Singh
41a297ee-e08c-47e1-95ad-7a0ffc60752c,Pooja Jain
af0fc46d-2493-4f70-9eb6-82932d411cd7,Simran Kapoor
fa4ce90f-5f84-4db0-a48b-38ead0ee2676,Pallavi Agarwal
8a677bc0-f601-4d7c-a3ec-dd9d88cf236f,Priya Nair
832f020e-a928-4bdb-8749-ca06d254619a,Ishaan Singh
39dded6e-77f3-49cb-8ea6-b0759aa84075,Rohan Bansal
6f4be453-9517-44e8-b853-87caf9b89953,Vivaan Bhatia
327a2e6c-a4f6-4612-9c5c-14a5e1b3423e,Aditi Bhatia
508956d0-ec35-4399-ad1b-8f6ec260c21d,Arjun Reddy
8ddba704-c81d-4ffc-ab4b-962505ef5049,Riya Shah
53fd5d75-0dd0-40c2-a114-7d14f53e53d3,Riya Jain
a6fdd762-410e-416d-b73b-70c001fcc07c,Kabir Sinha
267f5a1c-b17d-4e26-adf8-8cfcff5a0ec3,Manya Singh
58191aca-be31-4934-bd31-500092d1d011,Sakshi Sharma
8143c71d-8940-4785-9cd7-8972a45b459d,Raj Agarwal
ab03f8a1-314e-4258-b5b4-22cdc2f87720,Isha Saxena
c00e045a-ca8b-4fb2-81b7-8abb37f6b23c,Yash Chopra
79c34ca1-96d4-4550-9474-e59c5f63f330,Isha Bhatia
14ccc27e-5696-4449-894e-c1e7719e802f,Aditi Mishra
c5ec2a28-61cd-4e88-ab0e-af7d579a5de6,Aman Iyer
cf96ae2e-fc2e-432b-be16-2999fa08610b,Diya Verma
ff16db72-bd09-49d9-ae08-27a01a931980,Pallavi Khanna
e47b41ff-c66a-4c95-8f1d-07cc5445b1b8,Aditi Bansal
1ee979f6-340c-4ba5-9009-f58c9f5c02d3,Aman Gupta
e62b988c-cc47-49ae-a78b-5d3ebfcbc259,Radhika Nair
9d56223a-2490-4eeb-8744-db1cef731a29,Aman Jain
92813f7a-d4f5-4401-b512-8cdfbcd03afa,Kabir Jain
fe513011-5295-46cf-822a-4608c1ddd08a,Akash Iyer
371dfc3c-176c-49be-8262-c01bf2196822,Neha Agarwal
1a2d426c-6150-483a-9e2d-96b078f885c9,Raj Shah
b3af797e-3f56-40cb-a860-47930199e068,Riya Kapoor
08325652-7356-4853-b7ac-7e23c6c8c464,Neha Jain
f9ff6c7b-410f-4df4-8b43-1b74e8842daf,Rahul Nair
765a0a50-fd4f-4dbb-a841-f8e1b57b7b07,Varun Saxena
2dddf348-f44e-4c24-b527-ea837b379173,Sneha Malhotra
595dffdf-0715-4b34-845e-ae5f55cb8e91,Isha Shah
2901df97-aaaf-4bd1-95ac-95a75f48a3c0,Rahul Sinha
4c64131d-7431-453c-94ea-ce7c47cd69b9,Aditya Nair
4b7a9166-ac57-4dee-ad8f-eaf93dbe4a9d,Aman Khanna
ededa2be-2e15-4671-9a90-247391a6c41b,Raj Malhotra
d4b09dad-8a8d-4d42-822b-a34b9a091339,Varun Bhatia
68bea203-d942-422a-908d-4ed539a7b1a0,Simran Khanna
a2b49321-b4e7-45dc-b8f9-58a6abb15c89,Radhika Kumar
47c19631-65d8-42c7-9bb5-25353f104e37,Tanya Sinha
cf8f480c-53f8-449c-bfa8-1357b7be4faf,Ankit Joshi
2d910548-71a8-4b9d-9df9-a4533626ef38,Aditya Kumar
d6935d87-e9b7-4144-886e-a694ed5f79f3,Nisha Iyer
1df3054d-9a99-4ac9-9700-369288405e5c,Nisha Kapoor
f8881542-db60-494d-9468-c848b2a5b6c3,Shreya Chopra
fd53ca41-1f22-4aba-bae7-bced7b4d9a9b,Siddharth Kumar
cc072d80-56d1-44e4-917c-dafff8b42a0c,Kavya Verma
75fd5554-1178-4ccb-88af-7248341281b8,Rahul Khanna
8a48956f-63b6-4b5b-84d4-300c3d4d3334,Diya Desai
e91a6eb7-9266-4804-9239-04bd932cd5d0,Kavya Mehta
276c674c-a2d6-4c55-be8f-a45721d82d16,Neha Shah
b05346ec-f624-4414-8567-d743233fba3e,Nikhil Verma
7c0f0640-dee4-4f5d-9a85-4824daa316a8,Manish Chopra
147d06b7-ccf2-435c-bed5-79a85e6dcc1a,Akash Bhatia
b332bad1-8625-4b41-92fe-c733a27e8123,Ishaan Nair
8f06301f-54f5-407f-b02a-bdba531b390e,Radhika Iyer
a72ac04a-d7b6-4937-8ef5-9d40300ef403,Sneha Jain
9d1ea966-725f-471b-8b19-c20d6351681f,Ananya Jain
50cb4259-2e6f-49a3-b219-d4a6f4657b10,Karan Sharma
2b88a533-db73-42a4-bfa5-696d7d42c45f,Avni Kumar
cae27aba-a2cb-4f39-856a-db9db491745c,Meera Bhatia
59f8f7a8-af48-4177-8c70-5c15dc978ce7,Aditya Bhatia
837ec1d5-58de-45bd-a5a4-0fea5f00df75,Neha Chopra
c791f67e-21e2-4144-8549-28cf910b7467,Pooja Khanna
47f93617-3e3b-4864-8156-f41eeb7f9af1,Pallavi Desai
e12e3fe1-b600-4bac-8fb9-2abf346639b0,Aman Bhatia
f0e20c0a-6355-48ba-9a8a-f800489771b2,Pooja Kapoor
3c721557-0f55-4cf5-aafa-76d35d9e177a,Rahul Mishra
64c3c486-f2f6-4a04-9e5e-514880607e82,Vikram Chopra
d9812643-9a17-4a08-ba1b-ad56321c3fde,Manish Mehta
fc061e13-72b9-4127-bcbf-e7e884abb1bc,Ishaan Sinha
a53c129d-9ef3-4008-a219-6ab596ca577b,Vikram Bhatia
dc269cd7-cdb3-4668-8a37-8e97ccb14f42,Shreya Mehta
3a5b4299-a410-4b52-aa6e-bbd40015f520,Neha Sharma
5b007182-bee4-4ca2-84c1-05274b87bfd3,Akash Mishra
06a70d03-fa01-4357-9075-102fe9b3d620,Pallavi Mehta
7e97f498-6bf2-41a4-8fde-76f0fc0f2792,Sakshi Saxena
06a1216d-57fc-44dd-84e7-8766c8947e22,Rohan Patel
498d9f19-fbc7-473a-8cb0-72265b7a37ed,Manya Bansal
112d209d-597c-4d82-9277-5c4f6c40af9b,Radhika Patel
f41ea61b-2998-4f52-b2d5-9f685767b38b,Manya Sharma
848b916b-fc5c-41a7-bba0-9704c87cb769,Arjun Singh
406c8c17-79f4-48c1-8435-1bc8ac94c50d,Nikhil Jain
b803aa59-be64-4c9c-817c-5136fceac167,Nisha Sinha
f2ac9272-2773-4d78-8126-3bb3857b61ca,Ankit Agarwal
1517e8a4-1ff2-4bd5-aac0-afb720fcf44f,Pooja Gupta
c191b657-74b6-422a-92e6-3c185104e62e,Vivaan Jain
fa220cfb-ff89-4a46-a11a-99854ca4f778,Aditya Jain
0a17b476-341c-4b0a-98cc-1d165ce10849,Kavya Jain
80810654-184e-4c6d-9f99-7ab409d6e500,Karan Jain
a84d0e49-bd03-4103-87f8-5b3727d4c920,Isha Sinha
a6871966-0f69-4e20-99cc-da26cbea7269,Vikram Desai
cdc31bba-d294-4771-b61f-65392bb8250b,Manya Kumar
d5b786de-cb8c-4ee9-9805-297440594c34,Avni Singh
83da4a2d-4f2a-448c-8633-22cbdcfdfbfb,Priya Agarwal
c25a0647-d3f7-4fac-858b-83f3f1de0937,Priya Reddy
87a3e367-e06d-4dd3-bea7-6e59a47e4e44,Tanya Khanna
cd64a120-ee9b-4cb2-8f1c-67cd4a8cb169,Varun Sharma
f55dc420-93d7-40e1-af73-28544050f2d8,Diya Tiwari
3a1d78b6-10b7-4746-990e-8564313330ed,Arjun Shah
473329e1-a8f4-4f19-9653-d93902a4860a,Manish Bansal
9cc31fb1-7993-404e-a2bf-89597c69c754,Kabir Gupta
c2d304f0-3756-471d-97e5-c233690af40b,Ananya Khanna
e2b0c424-d767-40ad-8350-e3f1f89078fd,Akash Desai
efd20e14-01c3-451f-ba39-81af2ff58587,Sneha Saxena
e62ef9f4-9bcb-4434-8a84-cf8c5504f3bf,Vivaan Iyer
172b8225-6a0c-4efb-a108-5b3b906c67a2,Tanya Verma
43d580fe-7472-4188-8b94-4e30a929cc2d,Aman Desai
f3ffe719-4f20-452f-9aef-d36514aafa9a,Meera Reddy
02b76f80-4b16-421e-ac09-1c34fc4189f3,Vikram Gupta
4cd42d51-c780-4a49-a48c-4f97771cb5e2,Shreya Nair
646f0ef4-2f31-4ec5-bfde-ce65438fa81a,Vikram Nair
d049efe2-594b-43e0-ad8d-2a7cd9fa692c,Arjun Khanna
81ec9d9c-779c-41ed-90b4-ae2ae66bdee2,Manish Mishra
25ee2f7d-0b7f-4e48-a79c-aaa389118d0c,Arjun Iyer
1f87d823-7478-48a4-ac02-4b218c4c67a7,Radhika Tiwari
387d9b28-8875-45ea-99ef-6864f271ef6d,Siddharth Iyer
f19d4ba4-92aa-4368-8a7f-0b9959be5aa9,Nisha Singh
d7f0288f-c9c8-46bd-9845-e4f9b0f0a1af,Rahul Desai
fbd47bd8-03ec-4aee-bd26-4c52a0df3352,Ishaan Joshi
88aa838c-2c37-4a64-a94d-abafe8ca56a7,Pallavi Mishra
2f2c3231-8717-4534-9dda-f22b11eeca48,Siddharth Bhatia
754a53eb-48b1-494d-91e2-cd83f07fd62f,Radhika Agarwal
532d8501-8bb8-487f-aada-6f37dd2f558a,Kavya Mishra
4944300f-a290-41c7-9e92-03054fb9f922,Ishaan Chopra
3f166f63-a479-40d7-bcf0-305635d7f341,Tanya Sharma
5fab4799-0a52-4830-bf5a-4387efc1008e,Nisha Gupta
c1da5870-713f-4bd3-b0f3-4105738a39dc,Aarav Singh
c75ee719-d7fa-4efa-b9d7-36a7502e5eda,Manya Tiwari
2661bf95-d01b-4f82-bac1-2c58a6ebf348,Tanya Patel
73d69f9a-d951-45b3-9987-08d0cf34b726,Nikhil Joshi
c814c0d1-0005-4fa5-b21f-33bd33188577,Meera Patel
753f73b8-96a2-4c6c-95b4-b8fa243086e5,Akash Joshi
6f528859-b176-4ccd-b6f6-343f30f8588c,Ankit Sharma
4ca99e5e-5c1f-49f3-94ad-cb402c66ab72,Yash Mehta
19fb8112-9994-4ef7-927f-5d7a74958697,Radhika Kapoor
f9956258-3760-47cc-94f4-de5188510c1a,Kavya Reddy
60357290-8c8d-4c70-a4e8-52754203a448,Neha Tiwari
00cded86-96dd-496d-a1f8-cd40d4d3d86d,Sneha Agarwal
3c0506a3-0958-4d42-b33e-38d65e83c654,Rahul Patel
230ad9eb-b4db-48c4-9ece-2c8ffcd33887,Diya Khanna
476c1722-db8b-4344-9ef0-54c87937962e,Vivaan Gupta
09beebdd-06ce-474a-a126-8bb203516226,Meera Sinha
af3a6b25-9c0d-41e8-b3b1-a55b490cdaf8,Riya Nair
16059168-ff2f-4014-87ab-5bc473625758,Ankit Chopra
e28ee410-625d-4c16-846e-db17aa8cd7ca,Rahul Bhatia
5fb0b93e-250f-4f10-91b7-dce8bdc01fc6,Arjun Desai
52d9d8fc-0338-4b32-b98e-6b652a0e6c0a,Vivaan Shah
ef6d3f95-f361-48b8-bb06-a20321b640d3,Vivaan Kumar
8b94a665-119f-490e-a929-4e1ff6bf6f3a,Yash Kumar
fcec23d6-f105-4bd6-a05d-5cbfc261a96b,Meera Mehta
a4f3494d-7710-48e4-a904-f2bab1e8869b,Arjun Mishra
16402a24-09f7-4b1e-9c65-b8bcd8ae49bd,Diya Agarwal
2ebeebdd-683c-4763-8127-a9ea4977ca5b,Avni Chopra
916a7841-2374-448f-ace0-0aa5dc13481a,Aditi Agarwal
1ab7fed4-b6df-4379-9a38-373a796f7e71,Pooja Nair
55b6c2db-060b-438a-a897-fa5e20e9a413,Rohan Mehta
15a1a988-29f2-4f55-a817-4ad39840b23a,Aditi Mehta
4071ea93-0fd9-48ac-b324-2a56aff6a7c9,Kabir Nair
589d607d-7213-4c1f-ad46-860754bc621c,Ankit Patel
3cb79340-b26e-47bb-a5ad-452bea8d971c,Aman Sharma
d4c69b6d-71da-4430-aaab-2f9e5d43c5c7,Nikhil Singh
17eb1d93-e605-48bc-ae6d-c7e1769e79ce,Aditi Joshi
eaaddcf2-b74f-4b22-892b-3faa4353fab0,Vivaan Sharma
14dfa847-bf2b-4911-8c22-6e66b441cbe9,Rohan Mishra
3bdeeed7-e36d-4dd8-9869-39017e83328f,Neha Mehta
