customer_id,national_id,birth_date,city,state,age,age_group
dc3dd10b-91ed-4453-89bb-9f624c441030,UA886206902,1976-04-04,Houston,Texas,50,Older Adults
d8946376-be1f-48cc-a278-f8b3b967cd77,IB516472288,1971-08-19,Grand Rapids,Michigan,55,Older Adults
83fae1e1-7a78-42d4-81fd-803ebdeedb2d,CS768525777,1997-10-11,Naperville,Illinois,28,Middle Aged
24405b2f-c105-4f3f-9aaf-8bc07f4cae9f,RX998412214,1954-11-12,Austin,Texas,71,Seniors
3869d8bc-f40c-4f5e-a283-6137c3c35e49,DT348481917,1998-02-13,Las Vegas,Nevada,28,Middle Aged
980f7c2f-153a-47cf-8597-003573939f9b,TY024405511,1994-08-10,Bellevue,Washington,32,Middle Aged
29e1adfa-15e1-4685-bdda-77a76b1b5f67,DM267534527,1999-01-10,Spokane,Washington,27,Middle Aged
b4b4b06b-f5f3-40fa-81a6-2d0a89855381,RE142515757,1954-03-22,San Francisco,California,72,Seniors
32992fb7-2b62-4f94-bb9b-8a9d8d82db8f,WM648375107,2005-08-13,Miami,Florida,21,Young Adults
5145b2a8-b34f-4e20-9e03-27b4793df5f9,IH317095919,2004-02-22,Austin,Texas,22,Young Adults
4d023c48-23e3-4783-8fa2-318cb3d43c0d,CD799502037,2004-09-10,Austin,Texas,21,Young Adults
ab037001-ee92-4756-a5d0-86e775b34910,YF944407980,1954-07-06,Orlando,Florida,72,Seniors
65423bfc-af9a-4324-b3bb-d7fe6eee7abf,JB353183359,1979-10-05,Allentown,Pennsylvania,46,Older Adults
8ce818f3-74d3-485a-a880-31f78a209152,MN044100529,2007-06-09,New York City,New York,19,Young Adults
42274652-cd72-4dda-b350-134f64209e99,ZH760791456,2007-05-24,Syracuse,New York,19,Young Adults
4d67ee67-fd72-4aa2-a37c-b0ee14feaf41,WH165352905,2004-11-23,Columbus,Georgia,21,Young Adults
5462782c-ddd2-429b-b75c-72dfc38b48ae,KM221896014,1965-02-28,Allentown,Pennsylvania,61,Seniors
e448c5be-744b-45bf-ac97-6ebc9394f9eb,DJ364201007,1987-05-17,Cleveland,Ohio,39,Middle Aged
86ce0e19-5eac-4ba5-8c90-c033c7fd056b,PR371055802,2002-07-16,Gresham,Oregon,24,Young Adults
f2509c99-029f-4da2-9fa7-dfe8709e1735,IL844482798,1964-10-06,Vancouver,Washington,61,Seniors
2d9977a7-73a4-4fcf-9258-870ce8c57eef,XZ903372458,1958-02-04,Los Angeles,California,68,Seniors
2ad9e481-4da0-46d6-b091-5a31d47b79b4,NI461256479,2001-11-05,Austin,Texas,24,Young Adults
5d86e682-2c99-4fb2-b207-9ac1999b3b39,TT871516920,1985-10-17,Winston-Salem,North Carolina,40,Middle Aged
28f5f699-63d7-4067-9aa7-6c8bb56a8d54,ER719876601,1981-06-03,Columbus,Georgia,45,Middle Aged
88fd1f10-d022-487f-aa2b-a4fe54f7191a,EY267469972,1961-09-15,Austin,Texas,64,Seniors
6e1dcf88-fcb3-446d-ad88-a80f5d16b100,OD471374890,1953-09-26,Cincinnati,Ohio,72,Seniors
0b380004-e297-4530-b9cc-7ec7c2671aa4,PA221017992,1988-11-20,Orlando,Florida,37,Middle Aged
a13d9a3f-15aa-4226-82e6-1be95617ce11,NL738000577,1998-03-16,Tampa,Florida,28,Middle Aged
6abcdf3a-b28d-48e3-98b5-47b735656d7f,AA476992510,2007-08-08,Worcester,Massachusetts,19,Young Adults
3ceffc2d-ca21-4728-8fe2-d7330800545d,LL288289239,1981-04-07,Erie,Pennsylvania,45,Middle Aged
081cb3b7-07a5-47e3-ba40-3c584667498f,SR860646502,1970-01-21,Sacramento,California,56,Older Adults
fa6caa51-aa5b-4c06-9822-665356e76ed1,CJ517624021,1979-01-04,San Diego,California,47,Older Adults
b58ae460-63a9-43d4-9be9-23b023a9a55e,QI158396130,1983-03-19,Fort Worth,Texas,43,Middle Aged
d8d7fd2a-b7e3-4fe0-9c87-f6ff030f3fab,ZY311344322,1998-08-07,Orlando,Florida,28,Middle Aged
68901c7d-2c1a-4c17-b4c4-74a381a4ebcf,IO435834257,1998-10-13,Tacoma,Washington,27,Middle Aged
af645e35-b45e-4ad8-bffd-0e2dea2496f9,EJ505148324,1991-11-17,Allentown,Pennsylvania,34,Middle Aged
036ebc85-d632-4697-b4b9-0ce40c8aa151,WK969664601,2006-10-31,Syracuse,New York,19,Young Adults
209d490c-f2de-42fb-be19-ff81de15c5a0,RN143971338,1986-06-04,Scottsdale,Arizona,40,Middle Aged
33526715-6f38-4560-9cec-2faddb2e18cc,CZ465791287,1989-02-12,San Francisco,California,37,Middle Aged
9a495dba-bde9-44c3-8145-d541ff7f00bb,AI238775185,1997-10-21,Miami,Florida,28,Middle Aged
05d0c6aa-51af-4bef-aa13-51671ef3543b,BR149481789,1984-04-20,Sparks,Nevada,42,Middle Aged
aa4cce8c-52c5-4028-a9a2-4e3d09c37945,ZI411679517,1985-10-17,Rochester,New York,40,Middle Aged
8777c81c-9bd2-4286-82e5-80d64b3dea49,NW666124933,1994-09-13,Rochester,New York,31,Middle Aged
8688cdb5-ddea-4a28-a01e-4c72e0a6db18,VE549880512,1969-07-03,Spokane,Washington,57,Older Adults
3a674f7e-a660-4890-ad70-cc6d6243b37f,ZP926892881,1952-05-09,Boston,Massachusetts,74,Seniors
9f313a5e-4364-4389-9ae3-aaa68d7b7fd4,SM919737240,1960-03-26,Nashville,Tennessee,66,Seniors
711d1a09-2c23-47cd-906d-36f21485d178,ZQ317943153,2002-02-27,Detroit,Michigan,24,Young Adults
851911fa-e90d-4143-8a2d-36c114606f7e,ZU292840418,1993-11-07,Evansville,Indiana,32,Middle Aged
d63d760e-8e35-45a7-8e5e-726780fc90ca,PE596640328,1966-08-31,Dallas,Texas,59,Older Adults
7d4858da-05d8-4db2-9cda-aaef3401ed6f,QQ297220193,1963-08-19,Sacramento,California,63,Seniors
91e8018a-5410-4b8e-b774-79d502f10661,NR517209621,2001-12-14,Rockford,Illinois,24,Young Adults
edab3b94-d559-471e-8a4f-baa4a82d2b87,JW929843869,1963-08-28,San Antonio,Texas,62,Seniors
727c36de-0126-4272-a349-dea3796e6cae,AY984510099,1972-07-02,Sacramento,California,54,Older Adults
8f4ea588-5a4f-40e3-ab56-9b3c57fb7ec1,WJ299726223,2002-01-09,Memphis,Tennessee,24,Young Adults
4e18786a-167a-4f53-85ba-c0094471ec40,KD717470420,2004-10-02,Los Angeles,California,21,Young Adults
ed154512-8b23-4841-802b-eddf6d91f2b0,HO017006100,1981-03-18,Fort Worth,Texas,45,Middle Aged
e8a94fa8-9c7b-476a-ab27-e9d182725071,DF345820402,1982-04-20,Orlando,Florida,44,Middle Aged
b0455f06-0c02-4714-a3ee-5782057e5744,DB879179032,1981-11-23,Los Angeles,California,44,Middle Aged
93adcbdc-9aca-4199-8e33-069a28ec60f1,QX931781072,1965-07-20,Warren,Michigan,61,Seniors
380e294c-c3de-4ef3-9a40-e62c64dc6aa6,XL050937055,1993-09-02,San Francisco,California,32,Middle Aged
395503e2-4d23-4a3a-b2e0-b5d8e9edc396,CI046015709,1996-05-07,Grand Rapids,Michigan,30,Middle Aged
83ac61c4-dfde-4fb8-bffa-a1bbb101fb65,NM176728819,1952-09-05,Sacramento,California,73,Seniors
0e56cf30-2186-4f7e-a521-3a6174330fe4,SF109298131,1969-05-09,Akron,Ohio,57,Older Adults
ee421b5d-31c7-4e3d-a8d9-7a2e629e29c0,KB787781708,2007-05-18,Sacramento,California,19,Young Adults
943c8292-23af-41a9-8171-c597e5e75c00,FE448443930,1994-01-05,Rochester,New York,32,Middle Aged
53c325c4-52bb-4bf0-a60d-dd5d46e2d00c,IY361385096,2007-04-02,Rochester,New York,19,Young Adults
d6fa4b58-8f07-4e49-991f-7056829ab034,OV701312483,1987-06-14,Dallas,Texas,39,Middle Aged
523a570c-b77a-4fdf-88b6-f5f914b4d929,IB119618597,1980-09-21,Albany,New York,45,Middle Aged
0da17aa7-5e8b-4ffd-9fee-e0fff0135025,YZ217060006,1992-12-16,San Francisco,California,33,Middle Aged
398e41d9-1069-47f7-8d13-244b8077c658,UH473082654,1985-02-08,Milwaukee,Wisconsin,41,Middle Aged
89296cf4-3444-4f2c-b9e2-3d587d41846d,QK574147751,1970-05-14,San Diego,California,56,Older Adults
81c6a055-492a-4430-959a-2b110fa6820b,CH224647295,1998-05-23,New York City,New York,28,Middle Aged
5c422707-d31d-48da-abd4-995d13d5504d,UU715496601,2004-07-13,Hillsboro,Oregon,22,Young Adults
f989d4cf-c8ed-4f7c-a59c-dcf26773f1f7,KZ112181562,2001-10-28,Fort Worth,Texas,24,Young Adults
e8702b31-08a2-4085-ab36-5c6459b0bbe0,PK440261115,1963-01-22,San Jose,California,63,Seniors
4762e5c1-5423-4a10-84bb-b5f0e06d84c9,YB392851391,2007-02-28,San Diego,California,19,Young Adults
2c715b26-1a54-4b39-9074-e692e269a7a6,TK754900608,1979-08-09,Vancouver,Washington,47,Older Adults
d8553b54-782a-402e-ba3e-79c4ed789d76,NZ187971458,1984-03-05,Akron,Ohio,42,Middle Aged
e4cb057c-aa62-4c5b-94ae-7025e17d7cc5,CV998757113,1964-03-13,Sacramento,California,62,Seniors
e6ceed96-b539-471c-933b-5c9acd7fcd7c,SJ196559456,1951-10-15,San Diego,California,74,Seniors
53b63cc7-b45b-44c9-83c4-85eaf8d2efe1,TT809177046,1984-11-13,Sacramento,California,41,Middle Aged
8ad5bee5-7c74-475a-837f-cace96dd7ce7,JR118772973,1973-10-18,Reading,Pennsylvania,52,Older Adults
d08b8625-8735-41b3-a5b9-ec8d38586394,RJ748961009,2003-06-21,Orlando,Florida,23,Young Adults
ba20febc-5f02-45ba-9ec9-d04e07e77ffa,GV358918587,2003-12-22,Joliet,Illinois,22,Young Adults
d0d5f9fe-7956-4ef1-b891-7c4a09a344dc,GX260730525,1988-02-06,Durham,North Carolina,38,Middle Aged
bf0cbf48-35df-47b8-bb1b-180b4e2d7b19,GU381014559,2000-04-03,Naperville,Illinois,26,Middle Aged
9ad16f05-ddee-429b-befb-e7bb770b57b5,JJ869875267,1973-04-05,Erie,Pennsylvania,53,Older Adults
89ec2520-8577-4f60-95ed-7d8fdcb2ed47,PH711295406,1955-08-14,Aurora,Illinois,71,Seniors
66f9b9a3-9cb7-4a42-a5da-d2f1d02ba65c,HG086867815,1971-05-19,Scottsdale,Arizona,55,Older Adults
a2df4517-6bd6-462a-9833-5662008bba5f,EM462179179,2007-10-13,Vancouver,Washington,18,Young Adults
5fa5d764-7a07-4cfa-9e59-056f58fbfb2c,UC236288453,1970-05-22,San Antonio,Texas,56,Older Adults
6d63c25a-2eb9-4b7a-a6f6-120cba15e047,KB374437946,1953-07-14,San Diego,California,73,Seniors
d6b5ecd9-c1ac-4c69-a886-e547416cdea4,CV191497454,1983-10-24,Augusta,Georgia,42,Middle Aged
0c260fe3-5e7d-4e48-917a-8da0087f5ac4,MN915104091,1997-01-18,Cleveland,Ohio,29,Middle Aged
6e9136e4-8059-46dd-b4bf-c19715804c75,ZK515053791,1970-06-10,San Antonio,Texas,56,Older Adults
e44e9374-bb60-403c-a215-729f20c30185,HZ139193190,1982-02-07,Vancouver,Washington,44,Middle Aged
c71bd27c-f360-4a2d-98ae-8b6c03635a17,UD801438991,1955-03-13,Sacramento,California,71,Seniors
0b003667-bc67-46b1-bc02-2ba9ddd1346a,BG127982030,1961-04-04,Jacksonville,Florida,65,Seniors
adbcdc30-7514-4486-919f-617e1549ea39,VM466957466,1975-06-02,Dallas,Texas,51,Older Adults
3c6b8b90-e83e-4f6d-95f2-faff1d9dc837,MX388339440,1957-07-21,San Francisco,California,69,Seniors
139b360a-7725-4a4d-a229-eab80be8d4fa,WY570879934,1987-07-03,Augusta,Georgia,39,Middle Aged
17bdf970-f6e1-4e55-b21e-1bf00743809c,ZL790378500,1966-08-23,Tucson,Arizona,60,Older Adults
88b9d5fb-84ba-4a6a-b6a4-fcb2847902d7,KZ814445168,1972-11-25,Los Angeles,California,53,Older Adults
bb8b5eef-dc0d-480d-8836-70af23349963,SD725194017,1996-01-13,Denver,Colorado,30,Middle Aged
14fc0cad-0cd2-4f8e-9a1a-f77df333e580,WM261147018,2000-04-22,Hillsboro,Oregon,26,Middle Aged
9b7c4c38-9658-4f45-ab30-683eb7d6df70,AP329384549,1966-11-03,San Diego,California,59,Older Adults
07f4208d-7218-4070-85b7-2b540a1bddbe,NP371803533,1977-10-30,San Antonio,Texas,48,Older Adults
a022e20c-033f-416a-a1e8-3f1dd45ea49c,RC430250419,1985-02-17,Joliet,Illinois,41,Middle Aged
50fe4fbc-766c-4207-a0a0-8b7e21f8bd9b,SM396109945,1998-11-12,Grand Rapids,Michigan,27,Middle Aged
bcf581fb-ab12-4345-afcb-703db1f0c016,PA093703935,1998-05-25,San Antonio,Texas,28,Middle Aged
1a87c5f3-a932-4852-ac0c-b0ac5a2627b1,TZ001730025,1963-05-23,San Antonio,Texas,63,Seniors
65f1d124-89c9-4f73-85e9-7e41168a6d2f,VJ319025080,1993-11-13,Orlando,Florida,32,Middle Aged
53134493-9a0c-41b3-bd02-be331b94746a,BS102558071,1988-12-01,Columbus,Georgia,37,Middle Aged
c6230195-dc16-48e3-9f61-a81c49caa3bb,QF097403185,1990-02-07,Toledo,Ohio,36,Middle Aged
14554bec-65be-44b9-b013-2964f1e5d644,LS914450462,2001-12-05,Dallas,Texas,24,Young Adults
ad1d31b1-3abe-4f5f-b70b-2c588b09be69,ZN875548596,1951-05-16,San Jose,California,75,Seniors
49088e52-2653-421d-9e75-61713203308d,KD926276746,1993-05-30,San Jose,California,33,Middle Aged
00ca63ec-4ba0-45f9-9525-251368ca7e7a,WN646947775,1965-08-16,Syracuse,New York,61,Seniors
7493b6cf-51fc-4216-843f-916d259a311c,KV955864412,2000-05-23,San Francisco,California,26,Middle Aged
06982117-6075-4ea3-80f3-211f891caa7f,OQ487611446,1987-04-12,San Francisco,California,39,Middle Aged
2fea3e9e-2f1b-404c-9b00-e28c28fe292c,KL982864827,1984-04-05,Scottsdale,Arizona,42,Middle Aged
b726e148-4a35-421f-a13e-ff5e0940f2b2,PZ917874537,1959-04-26,Fort Lauderdale,Florida,67,Seniors
6d8c63c2-6618-4086-803d-7ae51ca12e77,RX606075264,2008-03-31,Los Angeles,California,18,Young Adults
90ebe80a-b125-4a4d-ad48-472d78573152,CS738104568,1989-07-12,Syracuse,New York,37,Middle Aged
9cbadf30-f568-4d8e-a52c-7c99e85856e6,QS668566877,1999-11-19,Fort Worth,Texas,26,Middle Aged
a0ca1a73-c166-4130-b256-6dbe4251d4dd,DV872679217,1980-03-07,New York City,New York,46,Older Adults
b414bf0d-9dea-435c-bc11-aa91a4f44152,RQ068726674,2004-01-20,Los Angeles,California,22,Young Adults
f05280df-c788-40f4-8911-12a866163969,EP042985208,1960-11-25,Fort Lauderdale,Florida,65,Seniors
7568c9f4-07b0-48dd-8f00-177a33c476be,NX365019681,1970-02-08,Allentown,Pennsylvania,56,Older Adults
b280db7e-22de-489f-8501-5eec39279217,KN112476475,1982-10-03,Austin,Texas,43,Middle Aged
b12c681e-a038-46cd-81aa-5df0ca1b039b,DI158827689,1957-06-17,Albany,New York,69,Seniors
fdbad7a9-ba1e-400f-bca7-c129bf9ce3d6,YP941471408,1954-02-10,Tucson,Arizona,72,Seniors
b55d80b0-f93f-4229-8d64-2cf81dd98d1b,ZP328199501,1965-06-24,Fort Lauderdale,Florida,61,Seniors
1842e120-1fe8-4b3a-87a2-c70ebccc8948,PJ983299509,1999-10-21,San Jose,California,26,Middle Aged
c6b25a39-306d-4cd6-abd1-8c5df98dcd53,YZ839841226,1954-11-21,Syracuse,New York,71,Seniors
6cd11371-2739-4ded-b960-be9b249e4f8d,EV775414803,2002-08-13,Jacksonville,Florida,24,Young Adults
c1433db9-3fd5-4936-bb7d-64c7ab41788d,YR313507274,1964-01-23,Toledo,Ohio,62,Seniors
26063cb4-a9d3-49ab-8075-264aabf9bd52,GE135987937,1962-09-07,Chicago,Illinois,63,Seniors
b3022ba9-ab3a-4639-8635-590ecebc44a3,QO333925075,1965-11-20,Erie,Pennsylvania,60,Older Adults
2a67c751-e6ff-4e94-89c2-c4bfa63ba494,LC569388351,1950-08-21,Rockford,Illinois,76,Seniors
c9dadb2f-4aa1-4ab4-931f-5a8786743b12,IL384891519,1978-03-14,Los Angeles,California,48,Older Adults
0e445b51-c4ef-4469-b5bc-0b5aac6a46b0,LH828574290,1986-05-29,Reading,Pennsylvania,40,Middle Aged
2a35e642-e8d8-45fe-95d5-fa66bc326571,FP797329372,1951-08-02,Dallas,Texas,75,Seniors
5f6c4a37-9c57-4280-8228-70443a2c05cc,TF555743699,1987-12-23,Toledo,Ohio,38,Middle Aged
95a305b2-874c-4be6-af3c-fae4bf43eead,UG703589328,1989-11-12,San Diego,California,36,Middle Aged
20bc2587-694f-475b-869d-25b4f492a97a,ZM917222640,1972-01-30,Salem,Oregon,54,Older Adults
fa2e0e1b-e5bc-4936-9b50-878e97cbc694,AL810497255,2004-09-21,Miami,Florida,21,Young Adults
3c761e7e-10b0-455d-8508-be93a61e4ccd,NB522512747,1961-03-10,Pittsburgh,Pennsylvania,65,Seniors
72f48c58-58cf-466b-8bdf-83f9a713b695,RX822735158,1968-01-31,Eugene,Oregon,58,Older Adults
9e298291-7258-42b2-b6d1-bb7e8ac7084b,VT819604370,1970-01-27,Jacksonville,Florida,56,Older Adults
fee20058-176b-43e5-966a-07c191909efe,GO736239102,1964-08-02,Lansing,Michigan,62,Seniors
a5b80758-c67d-41b9-af4c-ec2acd7a1d9e,ZG692015200,1959-02-15,San Francisco,California,67,Seniors
1552d5c6-c3db-4ad2-bb52-cd7046abe57c,HE550927967,1996-02-11,Miami,Florida,30,Middle Aged
0efb2dd1-5e13-46aa-b8c6-97f2df63c6b4,CZ375557864,2004-06-27,Augusta,Georgia,22,Young Adults
f53e3127-62fd-42c6-adc8-23e0eb71c150,NG735683265,1985-05-20,Houston,Texas,41,Middle Aged
5353ca22-036b-44cc-ac64-557c4078f81b,KG763335506,1964-07-29,Dallas,Texas,62,Seniors
a238952a-de45-4590-bf89-024b852dcde7,MI011047453,1995-09-12,Naperville,Illinois,30,Middle Aged
5fbd82b2-730a-41ac-b0a0-4c5cb681cfdb,HU286627680,1971-01-19,Fort Worth,Texas,55,Older Adults
0380e6b8-a1dd-487f-a274-94ec1c641e42,QM921293320,2004-05-24,Naperville,Illinois,22,Young Adults
ad90d9e3-15cc-4f09-b946-afbb69c507d6,ZY970527021,1986-02-21,Portland,Oregon,40,Middle Aged
52b00dc5-4aa8-4192-b5b2-7d30c8d53bb2,SA692692084,1969-12-08,Houston,Texas,56,Older Adults
784fba88-c04c-4ec2-a894-ef6eab6b6fe7,BL472444891,1951-12-27,Rockford,Illinois,74,Seniors
84bccf29-3add-47b6-b27d-aa536e42dee1,RQ015235868,1978-08-14,Carmel,Indiana,48,Older Adults
ecb40181-4919-4d84-8560-9d9b525c12da,GC408366021,1957-04-04,Sacramento,California,69,Seniors
268592a1-becf-42cf-8faa-729787abf72a,WY308435404,1987-10-06,Warren,Michigan,38,Middle Aged
b78abea0-0d1d-46eb-a20b-d5bc29990205,FS022735245,1960-02-16,Columbus,Georgia,66,Seniors
4dd3943c-6db5-4356-9963-c9e13e6d6bf0,VM969840336,1980-04-23,Chattanooga,Tennessee,46,Older Adults
4dddb481-8040-49ad-9d13-25ce0f16f88b,XU039852155,1954-01-18,San Jose,California,72,Seniors
812e522c-3b2d-4d0c-acc1-0fd8262528c3,VI775230393,1953-05-21,Aurora,Illinois,73,Seniors
51f34610-df75-46ea-b9c1-93e08d606a71,QN128056753,1961-06-16,Reading,Pennsylvania,65,Seniors
c7b96c2e-f383-4531-83b5-ee17636abe2c,TN136678915,2001-03-01,Salem,Oregon,25,Young Adults
9bcc759a-fd8f-4067-8539-b0aeed63768f,FZ920546652,1964-11-02,Albany,New York,61,Seniors
d48f125f-9533-49ee-9e4f-e208d8c94f66,KG216097744,1999-05-31,Albany,New York,27,Middle Aged
aadbf331-4ef8-48d8-853e-1de8e2b28b57,QF603616075,1988-07-20,San Antonio,Texas,38,Middle Aged
3981f81d-de51-4dfd-b9f5-44a2e2bec63a,GI108920446,2004-11-17,Greensboro,North Carolina,21,Young Adults
677b4ace-29b1-4608-bd17-92605e5c81c5,RM007035612,1956-05-15,Memphis,Tennessee,70,Seniors
f644f6e1-4e84-4b0b-88cf-9442095fa509,CV224191968,1951-02-18,Buffalo,New York,75,Seniors
66658745-c3c6-4bcc-b147-a32b7469ac2d,UP689134692,1961-08-25,Philadelphia,Pennsylvania,65,Seniors
4df612da-ef79-4bb0-9a81-e874dc6c458e,HE365115588,1982-02-06,San Jose,California,44,Middle Aged
0e753b39-69c6-477c-afb4-d1c132631f66,WC640175694,1968-05-20,Tampa,Florida,58,Older Adults
a1bf481b-e23a-4a82-aa39-b8aa66533afd,KZ426191897,1975-09-17,San Jose,California,50,Older Adults
1b96a254-9f71-4b97-8ca6-a17f04d615fa,YL072992025,1965-10-07,San Antonio,Texas,60,Older Adults
80f4a5d5-7b26-407d-a1df-2f7734bc2283,RC684893101,1993-04-14,Houston,Texas,33,Middle Aged
23c10878-4a5a-481b-8b74-7f58494c689b,OA493374450,1992-04-22,Orlando,Florida,34,Middle Aged
633e22f8-fdfc-4fba-ae33-d855c3dd4d5d,XM785311081,1994-11-05,Atlanta,Georgia,31,Middle Aged
b4c7ebd1-ea9b-4616-81fd-fd9869ac2869,ZM207259302,1976-10-07,Vancouver,Washington,49,Older Adults
3eade460-20d5-4b43-a26d-cbc41e5c72e7,ZU523831385,1951-03-18,Dallas,Texas,75,Seniors
eda8ad38-d11a-48bf-8343-842553e029e1,JY520719752,2005-07-02,Sacramento,California,21,Young Adults
86353ea1-8070-4d0e-beb9-34bceff93de9,RV751969613,1973-06-03,Los Angeles,California,53,Older Adults
9b776521-eb49-442c-a18e-b0f1aca4bceb,KT207620418,1976-09-21,New York City,New York,49,Older Adults
93b1b215-2296-40cb-9dce-9c82597b9ade,DI530690982,2004-01-30,Austin,Texas,22,Young Adults
1f968366-e95f-49a4-8d09-e8c202f41029,TR850854401,1991-09-30,Durham,North Carolina,34,Middle Aged
ac41840e-d13c-4a2e-8b50-64e3b6e6b8a9,EE762253940,1991-12-11,Austin,Texas,34,Middle Aged
f6f6c7d2-f491-49f0-b151-e5c1d6256042,EL429643495,1974-07-02,Reading,Pennsylvania,52,Older Adults
f2c3997e-0854-469a-b9fa-fb020623ce6c,UG168109336,1951-06-07,Sacramento,California,75,Seniors
56f94a75-1b67-45b6-8a64-7f169a4cd83b,NB992507071,1963-09-01,Jacksonville,Florida,62,Seniors
fe4f8c97-f727-4226-9422-f0a11c8a5798,YD960206606,2002-12-21,San Francisco,California,23,Young Adults
44f58f4e-dc82-429b-b2fe-59ea81d9c78f,BC269432746,1972-08-03,Austin,Texas,54,Older Adults
209d4295-5c30-4fc8-935a-1c0a850a1b83,ZB052508049,1956-07-05,Charlotte,North Carolina,70,Seniors
4f4412c2-06f1-4904-9d42-0ab915fc18ba,GY962630776,1959-07-09,San Antonio,Texas,67,Seniors
17cac573-3a6f-430c-88e3-2c09d3e38683,CC773721809,1992-10-19,Columbus,Georgia,33,Middle Aged
c231947c-98fc-406e-9f29-8776ade6bc5f,UW157272423,1973-08-19,San Jose,California,53,Older Adults
9fc04204-244d-4904-863e-9d10fcad9327,BF798572809,1995-04-29,Lansing,Michigan,31,Middle Aged
bebedbd2-5140-4ba4-8a45-80cd2fdbfeab,DR659914163,1961-06-12,Austin,Texas,65,Seniors
0e18ab33-89a3-4fc7-bd31-49e18c338769,ZI041338003,1959-06-02,Akron,Ohio,67,Seniors
e5bbaa17-3164-4c9e-9c1a-aaf1294cef85,LC402693570,1977-04-22,San Antonio,Texas,49,Older Adults
31a152be-00e5-4d14-aca4-ebba9701603e,RA097666909,1988-02-18,Savannah,Georgia,38,Middle Aged
21988c67-7574-41e1-8a25-46efd60a1a24,IC752528881,1953-09-02,Buffalo,New York,72,Seniors
3d23c6d5-dd16-4d4b-97e8-9d6136b85d39,EV116296724,1994-05-21,Phoenix,Arizona,32,Middle Aged
312e91cc-5a82-42aa-a8cc-6b2220a344ba,RB382438787,1969-05-15,Sacramento,California,57,Older Adults
63085581-9fb8-4e4f-8e08-6a28384f95dd,GK207807107,1982-12-21,Los Angeles,California,43,Middle Aged
31822449-44da-4140-8663-ae1595d20dfb,WM219419906,1989-11-02,Augusta,Georgia,36,Middle Aged
763b434e-edc7-4116-9d8f-a5a00ca60d24,VD501589502,1960-09-29,Athens,Georgia,65,Seniors
88a88e8f-c151-4f20-8d41-7c97c0872ba9,UW298984287,1982-06-11,Sacramento,California,44,Middle Aged
d96618ea-53ae-4965-81ec-73ab2a12dea0,XU267876371,1979-11-07,San Diego,California,46,Older Adults
6ecc370c-14d0-4a2f-8bba-2db185ec98b3,SB973869808,1971-02-18,San Diego,California,55,Older Adults
58e4ccbd-4f6d-4ffc-a5c8-bfaabf9992c6,ZW987245889,1973-03-13,Cleveland,Ohio,53,Older Adults
c4a269c6-9efc-492a-bdcf-0d027c754873,HX640451524,1952-01-18,Sacramento,California,74,Seniors
a6ff42ba-c39a-4fbd-884b-35d07b5ab40f,AL743030237,1976-06-21,Sacramento,California,50,Older Adults
e8ab8789-ceca-4456-b2cf-d2943bfee93b,EJ561017824,1992-12-15,Columbus,Ohio,33,Middle Aged
0122c7cd-2330-47bc-9e42-6d6d65286bca,YX374298625,1989-07-21,Fort Lauderdale,Florida,37,Middle Aged
119cb3fc-ac3b-4458-9202-a5875c354fac,PD052168484,2006-05-26,Lansing,Michigan,20,Young Adults
b5c10fce-7348-4197-ac22-4cb4ddab4aa0,PM312652168,1983-03-05,Austin,Texas,43,Middle Aged
ac8096f6-9976-465a-b67b-40da1c63ca84,PD801474339,1971-12-28,Rockford,Illinois,54,Older Adults
dbae6c69-ca52-4d15-8683-e9b600dd20bc,JT808451681,2003-02-07,Greensboro,North Carolina,23,Young Adults
3afcd865-ced9-4387-9dfd-1e5e890e50e4,PG537606974,1976-04-10,Philadelphia,Pennsylvania,50,Older Adults
49dc1417-baeb-4122-914d-2f2b7f712763,UR799260020,2006-08-07,Chandler,Arizona,20,Young Adults
07a270e3-f1ab-4c20-838d-e98b90f9594f,UW760482867,1997-02-03,Lowell,Massachusetts,29,Middle Aged
5406beb2-7fd1-4d75-a28e-d22d6e0784e3,UH637059733,1959-07-01,New York City,New York,67,Seniors
6c20813f-3709-4279-9289-6b6116ec3563,ZU923118157,1973-06-09,Naperville,Illinois,53,Older Adults
9b480d79-d200-48b9-a205-fa0409e2a2c8,HU439713851,1972-06-17,Fort Worth,Texas,54,Older Adults
0184898f-78e0-44b8-b257-a7c6d792b689,PZ565695057,2004-03-29,Syracuse,New York,22,Young Adults
4c4d16a4-ff37-4baa-96af-0553f3706e1a,ZF957178610,1984-10-11,Chicago,Illinois,41,Middle Aged
c2023cb3-63a9-4402-b06b-254742c60b19,IB712151182,2008-05-15,Dallas,Texas,18,Young Adults
83669f3b-73d0-4db3-aca0-2049212e20db,FP999626694,1951-03-04,Sacramento,California,75,Seniors
edc513c7-7afa-4440-a3d3-abc8e4ecdb69,GO573951037,1961-05-04,Seattle,Washington,65,Seniors
0efb53aa-df00-4003-b0c6-b132ae6e78e6,MA572366976,1991-03-13,Greensboro,North Carolina,35,Middle Aged
987ff92d-66d9-4bdf-b8be-c2b83d3c1b42,XU515575100,1966-08-19,Spokane,Washington,60,Older Adults
019e2665-f34e-488f-9eb1-1982bd6df805,MS171710763,1986-10-14,Pittsburgh,Pennsylvania,39,Middle Aged
2d500fd8-b08d-4c64-9fbb-be2c8bd4f071,BW369565039,1957-03-23,Jacksonville,Florida,69,Seniors
2fda89d0-234f-4d6c-944b-40d81676c3ff,RI770784842,1974-01-04,Warren,Michigan,52,Older Adults
9aed5899-7cbe-4b17-929c-7a36f97f145f,MF947467884,2004-03-18,Charlotte,North Carolina,22,Young Adults
32744eb8-2a42-49b6-841b-9b958b67b29e,GN424563832,1968-01-13,Miami,Florida,58,Older Adults
cf0d9d01-99ef-4d12-9745-8d310e41320e,JE499304774,1998-06-14,Allentown,Pennsylvania,28,Middle Aged
59ae8e3d-6d4b-4d0a-82fd-4ad6e22a64ee,YO864820606,1972-05-28,Spokane,Washington,54,Older Adults
676f7454-2e1a-468a-873c-f73fb1ee4109,RB173942727,1986-03-12,Syracuse,New York,40,Middle Aged
7e3ee5d6-ce4d-4e62-932f-28899ad65807,LG661609458,1992-09-27,San Diego,California,33,Middle Aged
8c0a451d-c3be-4146-8ed7-031842cd039e,LM101132677,1990-03-08,San Diego,California,36,Middle Aged
94e369ef-5a7f-4b4d-b439-0aa55ac8d148,KQ306271257,1974-07-01,Reading,Pennsylvania,52,Older Adults
0d38cd5c-a40a-48b0-a893-aa1764930c76,AH313650300,1996-12-09,Aurora,Colorado,29,Middle Aged
6c0bc228-18d6-409e-970b-9229096836b9,QK951269312,1977-06-10,Toledo,Ohio,49,Older Adults
1d4b2566-47dc-49e6-98b3-e6cc934f2800,ED524150757,1990-09-12,Scottsdale,Arizona,35,Middle Aged
d531be04-d868-4819-9b93-0dd485d7d347,AE939927220,1959-08-08,Akron,Ohio,67,Seniors
1b8b1d54-0ba7-4c72-beee-485a025f4cf5,HI049860323,1965-10-19,Fort Lauderdale,Florida,60,Older Adults
c1e99218-02a0-459a-aaee-840aa36a413d,VM294108203,2007-12-11,Sacramento,California,18,Young Adults
ebc435d6-c874-40e8-85ff-0601c799bae5,QP773449852,1971-10-09,New York City,New York,54,Older Adults
213fbc23-6dc9-4595-8658-83fbd0483cb7,NC792657332,1958-01-25,San Antonio,Texas,68,Seniors
c8bdab9f-0908-4144-ab4f-0c44a29d8ae9,CT504177228,1989-08-12,Allentown,Pennsylvania,37,Middle Aged
d1354938-f3f7-4a2b-a925-0e4d387f5228,YF000820611,1994-09-20,Racine,Wisconsin,31,Middle Aged
3c3a71df-e1f1-498c-9d95-3e679ad446a8,IM885773904,1984-04-04,San Jose,California,42,Middle Aged
98b2ec4b-c7b7-4d1f-883e-4cb686018e23,GD353504253,1960-03-09,Vancouver,Washington,66,Seniors
a7ac81e5-40b4-4315-b67e-17613147f15d,MV033998508,1964-03-06,Fort Lauderdale,Florida,62,Seniors
fd1ae570-89e5-41de-9227-f54548c9c7a5,WQ490523711,1962-08-24,Albany,New York,64,Seniors
46c4e8e9-a538-4134-b900-9caca94fdc59,AV653934553,2007-03-17,Charlotte,North Carolina,19,Young Adults
0f2dbeb6-5d3d-429a-a776-ab364e2dc573,ZD367430697,2001-12-04,Houston,Texas,24,Young Adults
e0530cd5-6eed-44c8-9e17-2f8b90fa2deb,GY613592465,1965-07-15,Arlington,Virginia,61,Seniors
d16573d5-2ed2-4bbb-a5d8-eb479e45777b,AX488077827,2004-09-01,Syracuse,New York,21,Young Adults
811bc928-8cec-4a6b-b189-9a57c44edfbd,ZA629535798,1980-08-14,Allentown,Pennsylvania,46,Older Adults
58f6ea79-647d-47d4-8c45-b94da575d0b1,AL782819805,1953-06-08,San Diego,California,73,Seniors
1dfdd56d-cca2-4944-b42c-9ff221420af3,IJ007387059,1998-03-19,Cambridge,Massachusetts,28,Middle Aged
0d018bb0-88bb-4841-9ac1-f1f5ac06be25,AF751914947,1993-07-11,Akron,Ohio,33,Middle Aged
8625d606-28f9-42e9-99ba-5e035f17129a,SU768469875,2006-12-06,Albany,New York,19,Young Adults
896da20a-88b9-458a-ba87-426cc94a9c81,BW876254071,1973-08-24,Chattanooga,Tennessee,53,Older Adults
d598dd48-96ae-4235-86d6-1b1175cd115d,RR610868387,1957-11-19,San Antonio,Texas,68,Seniors
1dfa9dc9-14ce-4034-8506-5255c267538d,EF327963321,2007-08-28,Cambridge,Massachusetts,18,Young Adults
0179d5a3-7178-46bb-9503-de92a11d0341,IK467327568,1954-05-10,Chicago,Illinois,72,Seniors
d75d06b0-ee70-48cd-a26c-4d19e73cfb00,UG643275577,1971-01-31,San Diego,California,55,Older Adults
e4f98b81-fa5a-4131-ad06-c94507829bd9,DF472794372,1996-01-19,North Las Vegas,Nevada,30,Middle Aged
22047105-7f71-48fa-a4be-ad319479a2ea,SA627823129,1994-05-29,San Antonio,Texas,32,Middle Aged
d74dc163-72fe-4757-8a88-025656311095,OB368815665,1999-03-30,Athens,Georgia,27,Middle Aged
008eda95-ccd7-4d70-9ee5-61d1b9017f27,VH459638677,1998-02-10,Greensboro,North Carolina,28,Middle Aged
8be0fc9a-b046-4617-8af8-d87ee4bb86cf,ZN325831215,1985-08-03,Henderson,Nevada,41,Middle Aged
8761af50-5616-4055-8c64-697946562a41,IE537084891,1991-07-03,Miami,Florida,35,Middle Aged
9d64014c-19b8-4a58-b455-e55b39ab46d7,HY136600573,1958-08-21,Fort Collins,Colorado,68,Seniors
6b89ec47-f4a0-49bb-b27e-c61b720b665c,FM203763449,1993-07-30,San Antonio,Texas,33,Middle Aged
9b3cda95-e3b9-4889-8a54-ce9c101f9384,WY038033163,1990-05-01,San Antonio,Texas,36,Middle Aged
33b10c82-2252-4fd4-951a-f72e68a08e22,YL674796379,1957-08-06,Lansing,Michigan,69,Seniors
b73a692c-e5d4-458b-9eef-e4a2f9a45db6,NC324792399,1966-11-01,Rochester,New York,59,Older Adults
11097b33-c259-4054-9536-45bea7af8a62,NB022359061,2003-01-07,Los Angeles,California,23,Young Adults
7a5099ba-caea-4229-a259-34f7ca35cd1e,MU523728217,1991-08-14,Chandler,Arizona,35,Middle Aged
ae155de8-a7f5-490b-bdd1-473c92a9a6e7,EC492960697,1954-09-17,Naperville,Illinois,71,Seniors
4a90469e-7353-4a70-ad79-09f9eb371a10,CC911411720,1954-08-24,Philadelphia,Pennsylvania,72,Seniors
deb1d27b-3f91-4aec-b1d7-650f9c91c7a2,CK001465494,1999-03-28,Colorado Springs,Colorado,27,Middle Aged
d3344450-c9d3-4187-be56-052ca653d6b3,RZ165987257,1955-05-02,San Diego,California,71,Seniors
43165b2b-17de-433b-b9cb-91085ecac7be,KG650614826,1979-02-09,Norfolk,Virginia,47,Older Adults
cc268b50-d42a-4cc0-a2f3-978a8dd5aa76,YI713583368,1975-12-02,Columbus,Georgia,50,Older Adults
1d7313e7-fc8b-4a8d-9771-c43a7a4c0495,YY477553633,1990-12-04,Warren,Michigan,35,Middle Aged
612064ce-b18c-4a3e-8efe-859ca32a7143,EO424804750,1989-11-03,Seattle,Washington,36,Middle Aged
f10bd9e4-3242-40ae-8674-9939470c4a34,KW249574963,2005-03-23,Joliet,Illinois,21,Young Adults
65dae89e-ef67-40c4-8fb6-01fabe403441,IG177728612,1991-02-07,Milwaukee,Wisconsin,35,Middle Aged
ba46c39b-37d4-4fad-9cf0-799b9343a2d8,TD832846877,1982-01-12,Gresham,Oregon,44,Middle Aged
24125817-a25f-46d3-8957-de7dcd9f4757,YC847988738,1964-06-25,Durham,North Carolina,62,Seniors
44196936-b144-44c7-9885-29b0970259ca,OI701037787,1991-11-09,Tampa,Florida,34,Middle Aged
33b8d9c3-a1c4-4a0d-ba4d-64c6d5613e5f,DT242310609,1994-03-27,San Francisco,California,32,Middle Aged
386f5196-dd2a-44eb-8d82-c3d5e5b6fb20,NM740165280,1991-11-05,Tacoma,Washington,34,Middle Aged
15706242-32dd-4b73-9b4c-cd89aba89c58,LK510107389,1955-05-21,Worcester,Massachusetts,71,Seniors
1b6fefc8-8e05-4b5c-abb1-26f7fd4dd7a9,UQ688956585,1995-10-29,Pittsburgh,Pennsylvania,30,Middle Aged
f267ee68-6851-4a51-a503-2032dcaf85d3,IL979356071,1992-10-11,Cincinnati,Ohio,33,Middle Aged
329acb75-e340-428d-a45d-c534f85030dd,GC582744534,1977-07-19,Sacramento,California,49,Older Adults
32a2a6d2-4714-433a-9942-244216f6e4c3,ML198868402,1976-09-29,Fort Lauderdale,Florida,49,Older Adults
21cfaacd-572e-4ef9-8a56-00b5958a1c97,RG106153134,1971-06-08,Buffalo,New York,55,Older Adults
662bec47-6891-48ea-8bd7-58b7f0858d88,ZC416478582,2003-06-16,Grand Rapids,Michigan,23,Young Adults
ad569d1e-6017-4809-9da3-71793e4caa46,CE257544966,1982-01-18,Akron,Ohio,44,Middle Aged
a959b316-3a49-4686-af22-a038fa9bf053,RM750200872,1953-02-24,Dallas,Texas,73,Seniors
34441ddd-666b-4d42-9e1f-9d9dec25bd96,TR168364542,1970-05-05,Sparks,Nevada,56,Older Adults
d6853207-37a2-4fb9-8ec3-5ea6edfa1930,GL895003738,1965-02-17,San Francisco,California,61,Seniors
8f10807e-4369-478c-affc-f0e0a1762623,JE786526917,2006-03-31,Naperville,Illinois,20,Young Adults
3168ba70-b479-4c94-a5d5-b07ccbe433bc,XT373613512,1995-07-30,Denver,Colorado,31,Middle Aged
35e405ba-90df-4333-8ac8-aec30da3d19e,UK304443454,2000-10-26,Chandler,Arizona,25,Young Adults
512c1838-d86c-4c2d-b2f8-0f3ffc312592,QY026073277,1994-02-01,San Francisco,California,32,Middle Aged
1aa08a25-4d70-431f-881e-1a22f1fb64f2,CN773365744,1999-01-24,Dallas,Texas,27,Middle Aged
a26008ff-6ea6-4478-955f-f94acd7455f6,CS925612625,1982-08-18,Syracuse,New York,44,Middle Aged
8f2466ce-30c3-4185-9382-ce6776b9b182,KE751780048,2004-02-29,Warren,Michigan,22,Young Adults
dbe87d18-f7c4-481d-b6b9-9c1b9ce0fcae,VC188327955,1999-06-24,Sacramento,California,27,Middle Aged
2e495db8-460b-4734-9607-d206da85972d,YG467715478,1956-08-23,Tampa,Florida,70,Seniors
93045812-25b2-48f4-adf6-2e1268d14fe9,ZT344283381,1963-06-05,San Diego,California,63,Seniors
f11381f7-5332-443d-b0ae-cbd0c5835cd9,HI611142336,1957-12-05,Milwaukee,Wisconsin,68,Seniors
00ed47c5-232b-4dcc-ad88-d0fcce97213a,LS231467746,1953-03-06,Houston,Texas,73,Seniors
357d9b5a-8f7d-40ed-a2c9-77cc572e18c7,RL104593950,1998-01-27,New York City,New York,28,Middle Aged
8a7f6ad3-b6f7-4995-958e-bc45b3b1c54b,MB576116432,1984-06-19,Los Angeles,California,42,Middle Aged
b1951187-0e63-4b02-9e9d-02c99e6b578b,JN979453546,2006-03-27,Fort Worth,Texas,20,Young Adults
4916a478-950e-49ea-a485-4b781bb55c49,AT247579138,1982-10-24,Sparks,Nevada,43,Middle Aged
74456618-21a2-40c5-8fe2-7efd7d5028b7,FU837085834,1973-05-10,Tacoma,Washington,53,Older Adults
6fc5a47c-638c-4c08-a4c4-ed2cffe73786,TI790207610,1982-11-06,Buffalo,New York,43,Middle Aged
7007e305-597d-406b-b61c-bf0223a74507,ST492406206,1997-10-12,Orlando,Florida,28,Middle Aged
76b5ae5d-2b0d-4ea2-bebf-6e3b66597b85,OC245568353,1953-01-15,Buffalo,New York,73,Seniors
92142314-9c57-405f-802e-95430503cf08,NS409200389,1991-02-22,Columbus,Georgia,35,Middle Aged
5d85d8fe-7f65-4ad0-b770-c666389efea9,UW806310272,1986-02-22,Rochester,New York,40,Middle Aged
f7fc086a-4c22-4052-8dde-1c252d677a2c,IK044710396,1961-12-08,Chattanooga,Tennessee,64,Seniors
d5769c27-9a4d-4a80-86ce-e11f2d859f0e,RU725607005,1988-12-02,Tampa,Florida,37,Middle Aged
acb7c60a-8e92-4c0f-aeba-3e9a3a5a4ffc,TR577233541,1975-03-24,Reading,Pennsylvania,51,Older Adults
d9156bb0-e273-4f85-9c8d-f770b2ccfca3,WL954078734,1968-02-16,Albany,New York,58,Older Adults
e957641b-62e9-4b71-8c43-e99b84883141,SI325614818,1960-04-03,Akron,Ohio,66,Seniors
06353ee4-3440-4cb0-bea7-6786b04c9749,WR319018790,1996-01-07,Los Angeles,California,30,Middle Aged
0ee9e3c3-fd96-4c3e-b834-f29b6a167cc1,TV482093678,1973-06-07,Boston,Massachusetts,53,Older Adults
08271d4f-f2bb-444c-9367-793b6dcf9cc3,XC863753718,1970-03-17,Miami,Florida,56,Older Adults
18f7abc7-d2c7-407e-ad61-5677d0f07a3b,OG007473167,1986-11-01,San Antonio,Texas,39,Middle Aged
74cd01a0-1e87-4aff-a6ad-14774b2238c9,RF305810824,1991-05-04,Fort Worth,Texas,35,Middle Aged
3a4cf39e-d3b7-472e-a6c4-38d535fe2a9b,YC789734152,1984-09-23,Aurora,Illinois,41,Middle Aged
4ba1a44f-f144-4ddd-87d9-170312587325,PE174668627,1970-02-02,Cleveland,Ohio,56,Older Adults
660903f6-e9c1-4a8b-9b14-fc45b9da75bb,AE776690775,1996-02-01,Sacramento,California,30,Middle Aged
b50697f3-ed5f-45d0-a589-35a4948c9d60,GM688394718,1988-12-11,Toledo,Ohio,37,Middle Aged
ad8cb961-1bb6-4431-a78c-971c6f95fdb7,NP184391209,2005-04-16,Houston,Texas,21,Young Adults
b9fc7788-d664-4f28-b208-7fee27ec6692,PT137348751,1970-04-04,Fort Collins,Colorado,56,Older Adults
6f356ff1-9b12-4bcc-bd30-62ed58a45398,QX969298157,1964-06-09,Rochester,New York,62,Seniors
cd5959ee-52ef-4ab7-bafc-d42cabae4aa5,WY734989657,1950-10-12,Chattanooga,Tennessee,75,Seniors
290fad06-5d98-4458-8c39-da75673438c2,CA065262643,1973-04-08,San Antonio,Texas,53,Older Adults
5459c226-a2ff-410c-a1b1-c0d2c3438187,PC543602409,1975-05-10,Columbus,Ohio,51,Older Adults
d48b7c76-d8e7-4b52-b7d3-d1c1939c511c,QR432645201,1966-11-18,Sacramento,California,59,Older Adults
78167bbf-ddcf-40ad-aab4-94e19eb7afd3,TX970125531,1951-05-22,Scottsdale,Arizona,75,Seniors
8f9debb4-1d28-4e6e-8d30-256878fb0915,YM504584419,1977-02-19,Syracuse,New York,49,Older Adults
5965b4b6-82c3-402d-b922-1017de2192a9,QQ785976751,1960-08-13,Tampa,Florida,66,Seniors
28be8f0f-708a-4bd4-94b0-b9873492d8e3,QV405484943,1959-05-24,Jacksonville,Florida,67,Seniors
585c8345-f1ef-43c8-b359-ee328e2e4959,RJ371633673,1988-10-24,Scottsdale,Arizona,37,Middle Aged
2f4cfc2b-a505-4d21-a2a4-eb14e7153e13,GO989660371,1993-11-19,Warren,Michigan,32,Middle Aged
27187614-2715-44ca-8f46-c661e6f22f54,GF256553577,1955-07-24,Akron,Ohio,71,Seniors
fddc5355-c23d-4bf6-9cda-914b44b99af9,PH165046662,1959-11-15,Sacramento,California,66,Seniors
ec4e4a83-8eb4-4f19-bb9b-e3a2f490d7b3,EG909179749,1962-10-14,San Antonio,Texas,63,Seniors
b9f7e7b0-5b0b-47f5-913b-a9530b4c66e5,EI432977051,1977-07-26,Reading,Pennsylvania,49,Older Adults
33351ca0-409a-4e6f-a70d-e00a2c2b21b1,KN950178367,1995-09-04,Rochester,New York,30,Middle Aged
083ce67a-2455-4d04-9285-8026b556d613,MS127270959,1969-10-27,Rockford,Illinois,56,Older Adults
a95bd534-0aa3-4f0c-b2fd-001d101469de,XW592444206,2005-11-20,San Francisco,California,20,Young Adults
819d0a42-5293-42d3-b5a6-84bb1f0c0db8,KB502696770,1973-11-19,San Diego,California,52,Older Adults
0bf79b90-32b2-4def-ac31-0fb533263d53,GU110845017,1982-08-31,Richmond,Virginia,43,Middle Aged
77356b96-553c-4a60-ad30-2308a111a3d6,NC999832787,2002-10-01,San Antonio,Texas,23,Young Adults
4f90656d-f2c2-4515-9e8d-569e50bf2847,ID085158049,1971-07-02,Dallas,Texas,55,Older Adults
4255c023-ad45-454c-9979-62b4886d720d,PI453819634,1987-06-15,Los Angeles,California,39,Middle Aged
7a0c734c-5495-428d-bd2e-096c88bb6788,XB713673716,1995-06-30,San Diego,California,31,Middle Aged
d23eac21-783b-47ce-9c64-a3b5f21ed04b,CN333761023,1986-06-18,Las Vegas,Nevada,40,Middle Aged
b55c729d-9173-47de-86bd-287736853bd4,BK077270446,2007-06-19,Los Angeles,California,19,Young Adults
8e55a56f-1177-4400-b0d8-40aafac803d3,KA503568905,1995-11-27,Sterling Heights,Michigan,30,Middle Aged
c03c7aec-bb51-48d4-aea8-71001c4fd5a4,AG480671484,1959-12-10,Austin,Texas,66,Seniors
c4ca553e-73b9-44a6-bbc6-398c0281d55a,IB701836955,1991-10-05,Jacksonville,Florida,34,Middle Aged
685482ef-fb80-4c66-8e78-925f10d1a135,FP997377154,1995-10-27,Austin,Texas,30,Middle Aged
58fcd2ab-5448-4f90-b582-8469edee5605,OO367102386,1956-02-23,Houston,Texas,70,Seniors
90184b19-fd85-4af5-b507-1657040ded91,PY273497763,1977-06-13,Syracuse,New York,49,Older Adults
a5321426-daf8-49e1-b3eb-3116ed3dfcbe,VU371578544,1998-09-05,Rochester,New York,27,Middle Aged
c8ce254e-f4ac-41d4-a669-133b3fefdcd4,TC958469423,1996-05-23,Norfolk,Virginia,30,Middle Aged
e60ac408-56bf-4c8c-96ba-becf48167f07,AX922993510,1952-07-12,Orlando,Florida,74,Seniors
e6fd3256-3df0-40ba-8aa6-59f058d6c19b,TV604587703,2004-02-09,Sacramento,California,22,Young Adults
2e834b3d-868c-4a59-904f-5df0205d8e39,RO971209049,1969-03-23,Erie,Pennsylvania,57,Older Adults
15fdbe9c-f742-421f-bc62-53cd400bb36f,YL752484125,1997-07-21,New York City,New York,29,Middle Aged
5d293c53-77a1-4a98-a389-87f01615b487,KH709942660,2002-07-23,Greensboro,North Carolina,24,Young Adults
a9f3567e-c519-4c5f-b660-09ac91b37c7a,EI348021135,2007-11-24,Los Angeles,California,18,Young Adults
e84d05c2-a516-4d0b-b574-1cd23e334c94,TU671604930,2003-11-02,Tampa,Florida,22,Young Adults
b65cd7b4-bd8b-480b-bc9c-e2e65e126898,IW387786629,1957-11-28,New York City,New York,68,Seniors
6b489094-dbd2-4258-ae53-4857418d1d30,EO512817204,2001-04-19,Fort Lauderdale,Florida,25,Young Adults
2c7aaca8-0d1f-4c0d-be1b-091e2dc3d521,IW155008630,1951-04-26,Buffalo,New York,75,Seniors
115316ce-db98-4031-99c4-df1eaf5f1e03,WG872894751,2005-06-07,Sacramento,California,21,Young Adults
def7877b-2b34-4ed2-92d6-9acb1508f53a,XY530220702,1977-08-28,Lansing,Michigan,48,Older Adults
4313085d-445c-4d17-8f57-49fa91a2674c,BU341272875,1972-11-29,Fort Worth,Texas,53,Older Adults
141b3455-6871-451b-8207-786a270da33b,RQ334082926,1983-01-19,Sacramento,California,43,Middle Aged
ea0ca881-c69b-47cd-955b-522ed594c57e,US481809779,1960-08-17,Durham,North Carolina,66,Seniors
54f20e11-3270-4f75-ad69-993414bbc3ea,OD415356860,1990-07-12,San Diego,California,36,Middle Aged
bb9a4f31-2b02-40b8-89e7-31592785fa0e,JX183112831,2005-03-15,Los Angeles,California,21,Young Adults
1ce5cbdf-62b3-457a-913b-753400068653,VR755231044,2006-09-09,Denver,Colorado,19,Young Adults
0355d4d5-ac4d-4dd0-9ad8-aa4ef0e9de1a,HY492681186,1950-10-25,San Diego,California,75,Seniors
ade20dc9-8ca0-4706-ab13-6716a23dde66,FD712465903,1952-08-06,Fort Collins,Colorado,74,Seniors
f124e0b2-d43b-4ebf-aabe-c09bc264a7a5,ZP849098600,1958-03-11,Virginia Beach,Virginia,68,Seniors
3081bc2e-fe6d-43fa-ad59-9271ce5473bd,EI344433476,1998-12-09,New York City,New York,27,Middle Aged
ad3ef926-9ba9-477d-87ce-75c5d0d81fdb,OH180241590,2003-08-25,Bellevue,Washington,22,Young Adults
f382b67b-d667-4865-932f-412d8bfad28f,IK121918204,1989-03-20,Fort Lauderdale,Florida,37,Middle Aged
03796b2b-d80e-495c-8eae-5875cfae827c,FY598749352,1979-12-28,Spokane,Washington,46,Older Adults
62652453-5833-4569-8602-8de764d9a7d2,CE333957066,2001-12-22,New York City,New York,24,Young Adults
6a0e8bb9-e706-480f-906e-f5d7cfa448ff,FY619560262,1975-03-16,Reno,Nevada,51,Older Adults
e649d3df-de70-4c1e-9790-8c39310b8f63,UA865088226,1957-12-17,Seattle,Washington,68,Seniors
e036e069-e5f7-42d9-9b7d-ea926cdef146,BK165106592,1974-07-04,Los Angeles,California,52,Older Adults
359ac951-a542-4025-8be4-d6ba0b9f2bd7,OL989260985,1996-01-29,Rochester,New York,30,Middle Aged
e47aad63-431d-4007-8159-8fca7e0c404f,LV102513886,2001-10-26,Springfield,Massachusetts,24,Young Adults
d4c4f668-a938-4407-96e4-4530b9575616,YS203229369,2004-01-13,Mesa,Arizona,22,Young Adults
86ba2711-fc29-470a-9162-7e8c3dd33c8d,UV323983124,1992-10-28,San Antonio,Texas,33,Middle Aged
96e5bb21-fe3d-4035-84e2-a0dbe1d19731,JM152543220,1994-05-14,Pittsburgh,Pennsylvania,32,Middle Aged
f125213e-099e-4c54-85f6-79d2dc74c9ac,TV988142069,1984-12-02,San Diego,California,41,Middle Aged
ccf3dacd-7137-4f71-a05c-fdf6d79bba87,LL806668883,1983-08-27,Jacksonville,Florida,42,Middle Aged
15583497-c3f4-4ced-8f00-306c149c2e19,RL842957199,2003-11-03,San Francisco,California,22,Young Adults
05b46ecc-ce56-48b3-b89a-e5dbbe1db739,HT907028575,2002-05-26,Columbus,Ohio,24,Young Adults
5b3bf46d-c71c-4fd2-89e4-8605da125f85,GG640029768,1972-03-02,Pittsburgh,Pennsylvania,54,Older Adults
cdffeb2d-d28e-4029-9691-6745d29ea897,UD499614016,2003-07-23,Albany,New York,23,Young Adults
86134350-46e1-4756-941c-084677557014,KH498620625,1955-01-03,Durham,North Carolina,71,Seniors
e34d0210-59d9-4352-821e-2485f3db8d80,ZW404626232,1970-02-23,Springfield,Massachusetts,56,Older Adults
33706db5-1e89-4ed5-a08a-77ec5c34d5e4,ZW220278616,1983-07-26,Lansing,Michigan,43,Middle Aged
574bd083-0255-4f54-85b0-77e70a9bfacc,KZ582826859,1994-11-06,Houston,Texas,31,Middle Aged
ed76d57d-db68-467e-ab67-e8effdaa9f74,OS924775128,1956-04-25,Orlando,Florida,70,Seniors
c1fb2007-e66c-4a77-b925-11ad0515b3d9,GL472708189,1962-11-22,Dallas,Texas,63,Seniors
7db1c8e7-c69c-4379-ae12-48bcc4f8333c,UD399093511,1973-07-18,Cincinnati,Ohio,53,Older Adults
84988a2f-948d-471b-900f-5faf9f533fd9,FX809269386,1964-10-25,Las Vegas,Nevada,61,Seniors
5d6477a5-fa1b-4cfd-9996-f580c56cc4fa,NK922809920,1971-01-27,Jacksonville,Florida,55,Older Adults
1cd1959c-89c2-4feb-9155-5bd9b7756da4,FE422457090,1987-03-26,San Diego,California,39,Middle Aged
fae78cbb-252a-4dae-b32d-6ef22ddaeabc,RH863049974,2002-08-04,New York City,New York,24,Young Adults
1f385e2d-9a67-4cde-9a8b-873f33a8742c,SP937710859,1977-10-07,Cambridge,Massachusetts,48,Older Adults
d2393a95-58bc-4ed2-969a-d8c712ed2852,UN503781531,2005-07-30,Columbus,Ohio,21,Young Adults
044445d3-2af4-4146-a5e3-6e345449b125,LC770487403,1951-11-06,Houston,Texas,74,Seniors
6bc47165-891c-4b38-bd3e-1ef4efc4e2cb,PY833635990,1992-01-12,Durham,North Carolina,34,Middle Aged
9b4e7baa-406d-46e3-9989-dc495b97a107,CU882491760,1985-04-28,Cleveland,Ohio,41,Middle Aged
67b355b3-fb5e-46ec-b14f-a666730f52e8,UP785820024,1956-01-10,Rockford,Illinois,70,Seniors
66c5996d-2f61-4cb5-bd8c-20a7d48d5f9f,RB255945110,1986-01-07,Toledo,Ohio,40,Middle Aged
109cafa6-6742-45e4-8fb1-3408cee2477c,RI951633912,1958-04-17,Reno,Nevada,68,Seniors
7a3007ee-f163-4fbd-af12-259527c5db63,DB971918204,2004-12-16,Cincinnati,Ohio,21,Young Adults
0d10464a-fcd2-4a45-b5a0-9a0ba42c6485,YO231048528,1985-01-05,San Antonio,Texas,41,Middle Aged
eee40060-754b-4351-84c4-77f9241f3e45,ZS219531539,1971-09-29,Chattanooga,Tennessee,54,Older Adults
602713f6-a0e1-4ba5-a02a-819234daf7a6,DO746262040,1963-08-28,San Diego,California,62,Seniors
41f7922f-b042-41f7-aa96-e36177621b2a,QR781763905,1973-02-18,Albany,New York,53,Older Adults
2290af59-ba13-49ca-a034-d6c87597ad04,SJ563346193,2007-01-26,Knoxville,Tennessee,19,Young Adults
d4bd281f-d0fb-4324-8a89-35f1aa28256b,SP423389992,1981-03-23,Buffalo,New York,45,Middle Aged
412a3b26-520c-4aef-b2f4-5183099c58f1,WV128893261,2002-03-16,Lansing,Michigan,24,Young Adults
cbdfa346-dcbc-469a-9c54-339ac609746a,ZM682684746,1962-02-28,Bellevue,Washington,64,Seniors
17dff55f-a877-471f-a832-2c3c6e0be703,OO478358964,1960-03-29,Clarksville,Tennessee,66,Seniors
629057bf-f2d9-47c6-b9ca-08303e85a095,HE924900336,2000-09-19,San Diego,California,25,Young Adults
0b92e6ce-2b44-4e2c-ad1e-72c901fb3e62,IT061204040,1950-08-26,Orlando,Florida,76,Seniors
2390dbb6-146e-4fd3-952c-790e4a508e72,FX338532631,1979-10-20,Los Angeles,California,46,Older Adults
add5b5ee-92c3-410b-ae41-0b39c3416a3e,TF378799221,2003-01-07,Miami,Florida,23,Young Adults
a1632859-b091-401d-8857-b7370e6a25cd,EJ071158710,1961-03-29,Kenosha,Wisconsin,65,Seniors
ae4c0198-3bac-4937-9a76-51c590fd0dbb,NR606504449,1983-09-08,Houston,Texas,42,Middle Aged
15fc96c1-b3eb-4a7a-a866-8e92e88e1f28,MC772692814,2004-06-14,San Francisco,California,22,Young Adults
15dc34a5-3f4d-4bad-8552-8a640797b2da,ZW125632629,2001-03-15,San Francisco,California,25,Young Adults
70b07349-c2e2-49cb-95bf-29ebf9ce7701,AJ272543475,2005-04-06,Lakewood,Colorado,21,Young Adults
2e6d915c-6085-4243-880d-3d37a7d04c5a,YU553550993,1957-12-14,Nashville,Tennessee,68,Seniors
da9f6584-840c-4767-b865-97c2e2e51ce4,GG708777324,2006-02-07,San Antonio,Texas,20,Young Adults
9c9e99fe-313b-47db-9e1d-ca2ba5583234,AL605603628,1964-10-10,San Francisco,California,61,Seniors
dec0a8e1-35c9-46e3-a4f8-6d904cd9c352,AC495118983,1964-03-06,Savannah,Georgia,62,Seniors
ab194ae7-25f6-4c63-a391-6994117211e2,DK398112333,1995-10-23,San Diego,California,30,Middle Aged
4af73299-153d-4fcb-83eb-1f5057745bbb,UT567843618,1968-07-29,Syracuse,New York,58,Older Adults
269c244c-be8b-44b2-84e5-e62eded622b7,NL842198867,1984-03-29,Sacramento,California,42,Middle Aged
5f19cfeb-f93e-4f9d-94f2-f055734126e9,FQ212355821,1957-02-24,Charlotte,North Carolina,69,Seniors
cf8a9d66-f689-4dbe-be7b-422f7a3e3cd5,VK570555887,1985-02-02,Fort Worth,Texas,41,Middle Aged
b05e9e0b-fb33-4acd-a891-116d8de4e378,BL176043704,1992-08-10,Dallas,Texas,34,Middle Aged
ac1ddf90-145e-4868-ad9e-cb1e0da11f3b,JU328899922,1951-02-28,Buffalo,New York,75,Seniors
99f570fd-feb7-4085-976a-048419714eed,TJ334898609,1995-01-22,Los Angeles,California,31,Middle Aged
b99f2289-bb21-4983-a875-c47892954a41,XC181325576,1987-10-08,San Jose,California,38,Middle Aged
37d130d9-1deb-4333-8394-e2adba905a8c,LB616710404,1966-01-11,Portland,Oregon,60,Older Adults
94918c27-dd4f-400a-951f-67dd055525b0,WX901052003,1986-04-08,Los Angeles,California,40,Middle Aged
192ce654-0205-44f1-b901-272c8646509f,GA685753074,1967-03-06,San Francisco,California,59,Older Adults
6d3025c9-1403-483f-afd2-6be5ae0a609e,ZR185978264,1962-05-28,San Jose,California,64,Seniors
4c864763-8062-463b-b055-2d5e0270e4b8,JN124849167,2005-01-08,Augusta,Georgia,21,Young Adults
13058c28-444d-46fd-acad-f5d46619cb86,MO645195939,1999-02-25,Richmond,Virginia,27,Middle Aged
cfa4864f-967b-4bd5-a1cc-4a029c7a8499,FU030544416,1974-01-16,Houston,Texas,52,Older Adults
ec093160-6b2d-4b16-aea0-950ec46cd0cd,LM964478526,1996-02-12,Greensboro,North Carolina,30,Middle Aged
64e32936-6089-4bd1-89e9-c3228f8a419b,SO135964390,1994-07-26,Sacramento,California,32,Middle Aged
29264549-d2eb-4764-972b-534e70b8f6d4,IK042681551,1979-12-10,Cincinnati,Ohio,46,Older Adults
a32baf72-3d8b-49d5-8e54-04ae53809ae6,QD780430755,1963-12-27,Raleigh,North Carolina,62,Seniors
d51fd95f-66c4-4343-8b34-b0d1db845910,DY446245377,2004-07-14,Fort Worth,Texas,22,Young Adults
c096cbd2-632b-489a-b601-a387926a8d6f,VX757578124,2000-10-10,Athens,Georgia,25,Young Adults
8894ecb0-58f2-443b-bda3-555583495b0f,RI063681823,1984-12-06,Rockford,Illinois,41,Middle Aged
e9e10d1c-457e-4cfb-8b17-6db2c4afe6d9,RL256488711,1990-03-08,Savannah,Georgia,36,Middle Aged
b5232291-8b95-4fdc-bffd-55c9aba03f1c,OH047519827,1956-08-17,Lowell,Massachusetts,70,Seniors
886f029f-c00d-4721-8f76-b7a65d53d7d3,KM892685142,1998-05-14,Virginia Beach,Virginia,28,Middle Aged
7d2fbb45-7771-439e-b7bf-fc2bb3640890,MM835356495,1952-03-04,San Francisco,California,74,Seniors
dcf7a0f5-5c45-44d4-935a-ab69f32cd495,LA840028206,1952-07-30,Lakewood,Colorado,74,Seniors
485a771f-7938-4f25-b6be-a164c6c6e1c0,IP817661715,1990-07-28,Columbus,Georgia,36,Middle Aged
11ab2abe-be97-4d29-a1b4-54bf7757c1e8,BN004174815,1991-07-25,Allentown,Pennsylvania,35,Middle Aged
8203681f-c33e-4ed4-a9c6-5d223b108df3,YA989552773,2002-06-04,Fort Lauderdale,Florida,24,Young Adults
357c7935-5a53-4438-aa41-09a475c88f44,XC352162581,2001-09-17,San Jose,California,24,Young Adults
f908dee7-bfb1-4cf9-aa7e-8dd7fd7921e3,SO761249534,1978-12-30,Buffalo,New York,47,Older Adults
3ce394e3-cec5-404d-a7ee-964b8c2b4d93,SM873131916,1969-10-23,Los Angeles,California,56,Older Adults
ed652fe9-54d4-4b14-91f7-b97e450c8055,LW997860117,1999-08-02,Philadelphia,Pennsylvania,27,Middle Aged
fdcdf527-e59d-485e-b20c-d083b01be301,TH915899804,1978-07-08,Syracuse,New York,48,Older Adults
ae04406d-dc26-4ddc-91d2-238530e5eff2,CV078509307,1964-07-12,Norfolk,Virginia,62,Seniors
bd1677ba-8966-456f-af3c-3ba8ff943c9e,KM716739799,1985-10-16,San Francisco,California,40,Middle Aged
dfe3fcb4-8a98-41e5-afef-901f8fa5d3cc,UR960889343,1976-05-15,Detroit,Michigan,50,Older Adults
686b0d2a-993a-4d24-9868-8ccc08f22a4e,XE969977200,1996-08-19,Fort Worth,Texas,29,Middle Aged
d666b82b-00b2-47fe-b9cb-e4628395ee79,BT895955909,1980-06-30,Pittsburgh,Pennsylvania,46,Older Adults
0c303295-e725-4c27-859c-bbb278962202,XW485794571,1952-02-19,Joliet,Illinois,74,Seniors
3e44c697-f2ca-41c3-bd2f-700284db28ae,HE151797502,1963-04-16,Detroit,Michigan,63,Seniors
7b3eaa81-5e57-4bc1-9f40-a1e350e4d2fd,AF576696504,2001-08-18,Jacksonville,Florida,24,Young Adults
bf0ffb67-ae09-49d8-a5a3-10ecd3964f94,NN917222852,1951-02-19,Greensboro,North Carolina,75,Seniors
416f2ce0-09b7-42a7-8ea8-09187b9cdcb7,TF120138460,1999-04-16,San Jose,California,27,Middle Aged
b4ea3bc1-308a-46b4-98d6-f10c085dfcd5,OJ830974176,1994-04-07,Sacramento,California,32,Middle Aged
4e796413-736c-4272-a38a-deb5fee65746,SU878298886,1994-03-13,Buffalo,New York,32,Middle Aged
bd40fc1a-dcd4-49e4-8300-df5bf583326a,CD443879079,1959-07-07,San Diego,California,67,Seniors
fd0d2cfa-4902-4a23-9b71-7052cf7c86e1,UG749774877,1990-03-27,Miami,Florida,36,Middle Aged
cfc52ba1-e807-48dc-812a-b395093072e1,CK837866739,1973-04-24,Aurora,Colorado,53,Older Adults
b993dd91-2ea5-4560-9e00-51bb6058f0ce,UI617747635,1950-08-29,Jacksonville,Florida,76,Seniors
0c3e1f83-d600-4bc8-943b-5ef61636580f,IS124107985,1961-12-03,Fort Lauderdale,Florida,64,Seniors
f9aae20e-612f-4ae7-b40d-8b7adc9a6035,FO773034548,1962-01-10,San Diego,California,64,Seniors
f1671a91-dc57-4683-933a-2d560289302c,WC701572160,2006-02-08,Reading,Pennsylvania,20,Young Adults
912c6114-330b-4cee-9c63-02e37bf27988,KI324476672,1995-06-03,San Francisco,California,31,Middle Aged
c0eb9fb8-f119-4011-bd07-5c51957b4193,NK153617479,1982-04-22,Columbus,Georgia,44,Middle Aged
a7af23ab-d9a2-4806-b986-4dbaa8e078b7,JU913593649,1958-01-08,Fort Worth,Texas,68,Seniors
87587817-bf05-4a69-a490-63c07f57af2d,MG705259267,1967-03-24,Syracuse,New York,59,Older Adults
414e5f2f-ad31-49b6-9afb-996efa5f164c,LD034940731,1984-05-16,Fort Lauderdale,Florida,42,Middle Aged
0621ec1e-68e4-432b-9231-bea7df755460,GU752608597,2008-03-01,San Antonio,Texas,18,Young Adults
d165ce5b-8034-46a3-aa89-1c3e3ffc8fa0,DX650838232,1974-12-29,Fort Worth,Texas,51,Older Adults
2a038492-507f-447b-9315-04b961a5cd0e,SJ402768852,1970-04-24,Tampa,Florida,56,Older Adults
c9c4eaa0-aac3-4caf-b915-a1fe0eb3ba32,EB678665522,2007-05-20,Warren,Michigan,19,Young Adults
0aee7850-fb55-4bc3-bc2a-b66bf752a5a0,WU855649185,1956-01-14,Henderson,Nevada,70,Seniors
e85c6743-3a25-4090-be3e-857844181b80,GA169646788,1970-05-17,Sparks,Nevada,56,Older Adults
5125e106-34b3-4f11-858b-09d78fc2a52c,IQ766465368,1969-05-05,Boston,Massachusetts,57,Older Adults
19e965e9-9752-4f37-b8a1-d85bbc8d9780,II620818166,1976-12-03,Joliet,Illinois,49,Older Adults
8693956b-b7ce-42f8-bfe6-d157c5175129,ZZ362868951,1963-05-28,Buffalo,New York,63,Seniors
31077741-a81a-4d54-8bb3-1decf425b4e5,DU473057336,1984-04-19,Denver,Colorado,42,Middle Aged
c93d9723-5c7f-4a5e-b750-7b885068f02d,IM473712892,2003-11-05,Cincinnati,Ohio,22,Young Adults
9761af44-c01a-4dea-840c-a8b8a7c68c4a,IN643338084,1959-07-24,Los Angeles,California,67,Seniors
8d3e4880-6b07-494d-b27a-b58968cc3812,QF070539514,1991-08-19,Chicago,Illinois,35,Middle Aged
e5f9d33b-64d6-488f-bb17-58c5bd3d3182,SL803570230,1950-07-27,Austin,Texas,76,Seniors
ea400295-9c70-4e77-a213-23cdd9de5fc3,HN246181989,2004-02-25,Los Angeles,California,22,Young Adults
920f510e-d492-4f2f-9828-49451e586d20,SD866957901,1980-07-24,Sterling Heights,Michigan,46,Older Adults
6b36c9d4-e56c-45da-b3bc-ba4043e18bd8,JW142867191,1951-12-28,Jacksonville,Florida,74,Seniors
b4a88e2d-8725-4db0-a9ee-5546301d4aa9,UM209459842,1992-04-30,Houston,Texas,34,Middle Aged
d076ba50-7861-4804-a472-09c51567b527,CF005136746,1981-04-09,Lowell,Massachusetts,45,Middle Aged
a7540b66-73f2-4d27-bd7d-f7230f2ee585,AV513844665,2001-10-19,Houston,Texas,24,Young Adults
ebd10969-37f4-4161-8d94-275c946542ed,BA595453771,2007-02-05,Knoxville,Tennessee,19,Young Adults
87ff2ec6-8dfb-4e65-8e40-6077954aa952,VI278421449,1989-05-05,Durham,North Carolina,37,Middle Aged
13c9819c-7d8a-4e00-82a2-69d231cffabe,SP625692429,1965-12-31,San Diego,California,60,Older Adults
6972cd64-8b7a-4ccc-a5e7-82d7c3a8350b,YA037811479,1998-03-09,Philadelphia,Pennsylvania,28,Middle Aged
c1d3abb9-73ce-4740-9abe-cf2ca286240f,ZV654140562,1980-02-25,Colorado Springs,Colorado,46,Older Adults
405d1383-35c2-48fc-a40e-e8621367b71c,OS921475680,2005-05-06,Knoxville,Tennessee,21,Young Adults
e58e07a7-63c7-475b-907a-533b71a434ed,PK780329061,1956-11-20,Eugene,Oregon,69,Seniors
e28f1e85-6a79-48e5-af94-34f4c5ceb0ae,RI885046803,1978-10-13,Jacksonville,Florida,47,Older Adults
ce177866-9648-40f8-aeb1-95dbac64edfd,BK132591154,1954-07-18,San Antonio,Texas,72,Seniors
c46b7e16-7ec6-4f96-9e92-87ddd54195fc,JK069778565,1973-05-26,Augusta,Georgia,53,Older Adults
e70af638-9e78-481c-b90b-e7cd009b8794,YN449998464,1968-04-10,Allentown,Pennsylvania,58,Older Adults
0a52ae44-fb12-4076-8282-765430f8d4a3,RU765323829,2004-09-23,San Diego,California,21,Young Adults
7199c75a-3e30-4e03-9587-a1c5f1c8d843,KJ416386758,1969-01-12,San Diego,California,57,Older Adults
2b966a6b-fa38-4fe7-9712-76dff4ea3367,TX943473682,1960-12-01,Seattle,Washington,65,Seniors
e4d45c21-565b-4bac-9e4d-01f6f73d41e3,NG147160831,1988-06-05,Fort Worth,Texas,38,Middle Aged
59760d71-f10b-4ff1-b66d-f7ff812160e8,CM668818440,2002-02-12,Chattanooga,Tennessee,24,Young Adults
de6052a3-3ee3-4ee7-a62f-a5182973503c,NN324400361,1966-05-14,Rockford,Illinois,60,Older Adults
f1b0f6a4-75aa-4008-8456-a1b6068810c8,QF107141319,1957-02-24,San Diego,California,69,Seniors
75135d5b-34c7-4720-9578-a36108f788a1,AZ175692775,1995-04-29,Sacramento,California,31,Middle Aged
d6eac423-1251-46e5-8787-142ebd0a82fe,VP510175039,1994-09-21,Cincinnati,Ohio,31,Middle Aged
4702f47e-ab49-47ca-938f-8b950cbd2542,WZ476339775,1969-06-04,San Francisco,California,57,Older Adults
e3797804-06d7-4ce6-9477-c1f56cfca22c,LP573481589,1971-07-27,Lansing,Michigan,55,Older Adults
e16a46d0-a720-41ec-8f04-6af229b2c968,YX470133249,1960-12-10,Houston,Texas,65,Seniors
47c2d65b-970c-4092-b6a7-4ec400965d44,OJ043811134,1985-09-12,Athens,Georgia,40,Middle Aged
d25b15ca-7f9d-484a-ac96-dd141e926c47,XL594916837,1951-01-28,Knoxville,Tennessee,75,Seniors
5311cc18-2a36-405a-ba15-139164616b11,GS986913892,1993-03-05,Chattanooga,Tennessee,33,Middle Aged
7c370571-bce5-4f43-98aa-7e77f8866fa9,KO768040087,1979-04-24,Sacramento,California,47,Older Adults
eb77fe96-d9fd-49c5-b079-e8b9a609cb9a,PD383473452,1995-06-29,Cleveland,Ohio,31,Middle Aged
db2f3b3c-0651-4c97-984d-ae1a719297b2,MG179975687,1986-12-23,Houston,Texas,39,Middle Aged
11a334f2-8beb-48fe-a43e-9425ff60faa5,UC407520600,1961-09-04,Denver,Colorado,64,Seniors
4043f3e8-192d-4605-9e47-e9d7966f11e6,GZ049768409,1972-10-26,Los Angeles,California,53,Older Adults
64e49050-0fe8-4326-a622-563c6c3a12a9,IF166760902,1997-04-05,Houston,Texas,29,Middle Aged
d2e6eb6a-1a76-4da0-be8c-f4228ed60739,UZ114165849,1990-07-18,Los Angeles,California,36,Middle Aged
70c30f25-15e9-48c5-829c-079dc21362df,DO014994965,1973-06-21,Toledo,Ohio,53,Older Adults
3dd07463-c793-48e2-9a98-577b0cb567cf,DS791403442,1964-07-13,Rochester,New York,62,Seniors
d373ab78-e562-42c9-a3fa-83da3fa313e2,DU627430383,1998-01-30,San Jose,California,28,Middle Aged
2b275e67-ca6c-4c6f-abe9-edfbe6290bdd,PO709228028,1979-04-02,Reading,Pennsylvania,47,Older Adults
81324989-3d6c-48b1-b7d5-904e08a48023,YV406333989,1994-06-18,Albany,New York,32,Middle Aged
0e7d6c13-f4f0-414a-9ec6-e123236a91ce,TD659724696,1955-07-04,Buffalo,New York,71,Seniors
a779dffd-51dd-4c1e-ab0b-02b0822ece8d,II083517617,1976-10-26,Charlotte,North Carolina,49,Older Adults
ecf57a4c-ece0-4a71-9179-2392b9127603,CS356995263,1957-05-31,Denver,Colorado,69,Seniors
59d6a0ee-2b79-44d6-a28b-7b04e81c784a,BS979980838,1953-06-10,Winston-Salem,North Carolina,73,Seniors
522d02dc-ff6d-4a0d-921e-454cdfb91267,IT498200153,1994-02-28,Sacramento,California,32,Middle Aged
a3427060-7d05-47e0-b6c0-d8f8d2f4615c,FU507925250,1983-11-30,San Francisco,California,42,Middle Aged
8530be78-39a3-4068-b38b-1f5739f8bc7e,BJ970719221,2000-12-21,Fort Worth,Texas,25,Young Adults
2e286d7c-70b0-4b7c-b3d9-39d7d8ce5439,AH229750329,1969-05-17,Dallas,Texas,57,Older Adults
63f6a03f-e4a7-4dbe-8852-ca437d5bd92f,ZL841950712,1973-12-30,Pittsburgh,Pennsylvania,52,Older Adults
eac8fec2-b497-4466-a2cd-65cba714fddf,XE504899338,1985-05-30,Houston,Texas,41,Middle Aged
a922abdd-4529-4f8c-ad89-bac920afdfc5,PT600765036,2007-05-17,Dallas,Texas,19,Young Adults
4817a088-f018-4d2e-847b-b9e4433cfadd,IH790932854,1959-10-30,San Jose,California,66,Seniors
735f8466-ea40-4e06-ae0e-c3be9b6abf72,PL405450189,1996-10-05,Springfield,Massachusetts,29,Middle Aged
311f501e-06e3-465a-b437-8cf3d232c258,DU007196280,1964-08-22,New York City,New York,62,Seniors
93553e44-a468-4357-b23a-babe24424161,NF999257802,1999-08-15,San Francisco,California,27,Middle Aged
89917cc7-113d-4181-b493-c2516939edb8,EJ065182724,1981-11-23,Warren,Michigan,44,Middle Aged
056f3f95-c203-40be-b37b-366b1979bbb8,ZY751366540,1986-10-03,Fort Lauderdale,Florida,39,Middle Aged
d00ed608-8fda-417c-a6f6-abb208cf4bb3,IC858500197,1979-02-16,Orlando,Florida,47,Older Adults
d8f4b2c9-657d-4760-93ab-99a27b5bc0df,GT742911074,1987-07-10,Richmond,Virginia,39,Middle Aged
5c3a53b0-3cb9-4f64-adca-b97e3ed28cfb,NV373676919,1984-06-04,Philadelphia,Pennsylvania,42,Middle Aged
7e5a37d3-ea55-4b4d-9c77-17446c25d5da,TK155118397,2005-03-31,Albany,New York,21,Young Adults
6f007aab-b99e-4d06-8357-4b50fe5f21d6,SC350610641,1997-07-18,San Diego,California,29,Middle Aged
5fe159ae-80ea-424e-9e53-51f81f8a3c4f,PC238241572,1959-07-09,Vancouver,Washington,67,Seniors
d4ce8919-b68b-480a-8bbe-5a477f2d36a9,VH057824428,1983-07-15,Colorado Springs,Colorado,43,Middle Aged
780fe98d-21dc-4da5-9b1c-7122b4600dc2,ZC550133216,1950-12-27,Albany,New York,75,Seniors
8f72ac27-483b-42fc-aec8-40f7e4f87247,SM395132465,2003-11-18,Sacramento,California,22,Young Adults
57c8a376-f664-4d60-861b-d497e278ea4a,DP031266386,1955-01-24,San Diego,California,71,Seniors
c02957f1-5ebb-4725-a6ee-0eb90b96935f,UZ324264942,2004-02-03,Austin,Texas,22,Young Adults
d8868687-9fda-475e-b1df-645344718edb,HH576910660,1993-12-30,Vancouver,Washington,32,Middle Aged
1f312583-70ff-475d-bbaf-b03b74094d47,OZ356617788,1999-03-02,San Francisco,California,27,Middle Aged
eb832938-117d-436a-a1d6-d16b712c1113,IL452033452,1991-08-20,Scottsdale,Arizona,35,Middle Aged
7c77ed41-3f56-4b9d-aa1f-1f2c27cc9e31,FG923238638,1989-11-14,Henderson,Nevada,36,Middle Aged
7d01ce42-8568-4a45-840a-285bcf9f4d1f,ZP384608333,1971-01-08,Houston,Texas,55,Older Adults
b9cef20a-b5f9-461e-92ce-2cd6b2c64240,FQ764026289,1956-05-20,Sacramento,California,70,Seniors
33a6ceef-7e01-4cf2-8741-66f298c107e5,WQ915615571,1967-07-04,Raleigh,North Carolina,59,Older Adults
3bec7d65-3b4b-4d45-9f00-2d8f489d86ad,HD949339092,1982-11-26,Columbus,Ohio,43,Middle Aged
fca9da38-f406-4799-b165-8a3d0a55f7ba,XK044242936,1984-01-20,San Francisco,California,42,Middle Aged
4dffa4f1-ee50-4e96-b961-6c0f157c9dc5,EF522840111,1963-08-11,Dallas,Texas,63,Seniors
331720b6-ddd0-4367-8187-21a61b36f531,CT855863431,1962-04-11,Miami,Florida,64,Seniors
40a24503-72d8-48ed-ada2-a112454c5e15,CB938357085,1990-02-14,Grand Rapids,Michigan,36,Middle Aged
fb4cd49d-b276-46fd-8ae6-231629ee8b1d,MI714290598,1989-05-03,Aurora,Colorado,37,Middle Aged
0d1af9d9-4374-43de-bd3c-597fe427b88c,BE333219003,1956-07-01,Green Bay,Wisconsin,70,Seniors
4691993b-e724-4b7d-9a50-a8b56e358198,XK137663452,1989-12-12,Fort Lauderdale,Florida,36,Middle Aged
eeb821f6-b975-4138-b73b-c55e69d933cf,PI717391355,2008-04-26,Rochester,New York,18,Young Adults
80e3bbba-7737-4c0b-b8a9-f3ad7438ac2a,EX719901091,1972-10-19,Scottsdale,Arizona,53,Older Adults
b0fe6291-316b-4163-be37-b57e6b80a7cb,RT414959761,1993-09-11,San Diego,California,32,Middle Aged
0eaba284-9ce3-40cc-bf79-fe3951c6ac70,ZN413727930,1965-03-19,Columbus,Ohio,61,Seniors
61843316-154e-4a9c-9786-de451a2b76f4,IB262490129,1964-12-20,Richmond,Virginia,61,Seniors
b45c844f-786a-489a-a7cc-f55aa33df67d,GW479518978,1966-04-24,Los Angeles,California,60,Older Adults
7afc8997-1a18-449c-8956-7f854815d64b,QM349809031,1988-07-29,Fort Worth,Texas,38,Middle Aged
03e59911-d436-4ad6-a7cc-55113a2e10d4,BH037622110,1970-06-18,Bellevue,Washington,56,Older Adults
50af50bf-e133-4af7-8bf8-e105b34e365a,DW974388903,2002-07-29,San Jose,California,24,Young Adults
ac68fadf-d53f-4275-8728-fbd5a13154b2,AR045900105,1961-04-03,Clarksville,Tennessee,65,Seniors
81496110-82b0-4c59-81c0-c1a21df60bdc,XY474657058,1999-11-17,Sacramento,California,26,Middle Aged
88a06d40-2b7e-4c5e-ade9-e5eb5bf784f2,BX386978580,1986-11-06,Houston,Texas,39,Middle Aged
bd9dad6c-2eb4-49da-8dc9-b77671a115c8,GQ323317099,1991-02-25,Boston,Massachusetts,35,Middle Aged
48581129-9165-4ee8-b5f4-3a8bd3c8ad93,PY237511565,2000-01-21,Fort Collins,Colorado,26,Middle Aged
1ae3f4e1-6dca-433c-8bce-c18a470ab26f,GL129415592,1964-03-05,Augusta,Georgia,62,Seniors
3b59b9c4-42e4-4721-b1ae-ef27980fbfa1,AD019917204,1982-05-20,San Francisco,California,44,Middle Aged
20ebb257-2a2c-4e7c-8563-5442a5330913,DI923215802,1969-07-31,Tampa,Florida,57,Older Adults
d9645599-da76-49c9-9715-7a77beeeb370,ZB183973457,1981-04-13,Orlando,Florida,45,Middle Aged
54bd535a-92e2-4284-97d6-aba387e33515,AU931009956,1980-06-16,Los Angeles,California,46,Older Adults
a25c1528-bb2b-4019-9e2b-706e62835601,TS847548742,1955-03-24,Dallas,Texas,71,Seniors
f7042822-0b7c-4ce5-b657-c554d828b4b0,SG389034906,1990-05-11,Toledo,Ohio,36,Middle Aged
08ed2d4b-9be9-4493-ba09-bf7f0ce09cdd,IR458709518,2003-11-15,San Francisco,California,22,Young Adults
442285d8-f8a2-466f-b178-b2340b856159,VD172840658,1993-08-22,San Diego,California,32,Middle Aged
672984ad-50aa-4360-9883-ac6b0a6b6814,NN770674140,1999-01-01,San Francisco,California,27,Middle Aged
0e0a95fe-7979-493e-9c00-32ff2de3b2e1,QY584745078,2002-01-04,San Diego,California,24,Young Adults
cb729fe3-4cb9-48dd-b27a-639077661a63,CU067752697,2007-07-21,Houston,Texas,19,Young Adults
892dec89-f06e-43e2-a5d4-7185c8876dee,TU607856311,2000-11-09,San Diego,California,25,Young Adults
6755932d-ac2e-449f-92bf-e8901839fe62,NW556609457,1983-02-16,Fort Lauderdale,Florida,43,Middle Aged
0d22fb82-3d25-40be-8892-3cae1f41c046,AF228433111,1994-02-09,San Francisco,California,32,Middle Aged
875c3c77-8289-437d-9a8e-f5173c168381,SF137827319,1952-09-26,Syracuse,New York,73,Seniors
07e23c33-b1fd-448b-87fc-8650090c5f12,FT774693961,1988-03-20,Dallas,Texas,38,Middle Aged
29629ed2-85b6-40c3-a490-7faa2e27701e,LH832921816,1991-02-27,Cleveland,Ohio,35,Middle Aged
d8c42f7b-1287-4249-99de-827b59280195,YE105211065,1950-10-14,Erie,Pennsylvania,75,Seniors
a7423076-c017-419a-8d46-d6c9ab0056d5,GE926948869,1954-02-28,San Francisco,California,72,Seniors
3354ef3c-439e-4dec-af47-f15510f0b656,TW301461091,1993-03-10,San Jose,California,33,Middle Aged
62d5f300-10e7-41b5-8bd5-36cb34621ecc,AK792258256,1975-12-01,Hillsboro,Oregon,50,Older Adults
ab7e89ce-fc4d-43fe-b0c9-62c79d65d0eb,PX346705928,1976-06-16,Tampa,Florida,50,Older Adults
e89e7cf5-4d3d-43a5-a9ab-0d52cff98ffa,EV577291922,1980-08-29,Winston-Salem,North Carolina,45,Middle Aged
be14641c-56c2-4032-85c9-93bccee63853,IX259917746,1978-08-03,Jacksonville,Florida,48,Older Adults
ec390c4a-0291-4953-8207-09fd36382d43,YA817792718,1966-12-24,Fort Worth,Texas,59,Older Adults
01c68704-6b21-4469-a5aa-45e41169762e,VB755959640,1969-01-15,Sacramento,California,57,Older Adults
b3de5849-ff38-4a87-a725-b05bd9f4817c,LC824624826,2005-10-02,Rockford,Illinois,20,Young Adults
59ce8957-3a7c-4493-a835-af2bd7d911e2,PC792694533,1969-07-17,Sacramento,California,57,Older Adults
be892ef2-2f3d-4b98-9a44-9c0e4aefb229,OB258813359,1979-07-04,Miami,Florida,47,Older Adults
9c4bc289-1d63-4ea2-989a-5739fba8012a,PN957033152,1972-11-25,Salem,Oregon,53,Older Adults
6efdd199-019a-43d4-af44-365a6492dc54,QQ014562082,1975-12-19,Fort Lauderdale,Florida,50,Older Adults
894e25fd-37b5-438d-a704-c218db7bc94d,PR510013315,2002-06-21,Rochester,New York,24,Young Adults
4f197b67-91ee-45c5-87af-9c28aa06d9b3,ZC472286429,2007-03-23,Joliet,Illinois,19,Young Adults
3158655e-97bc-44dc-bfa1-ef0f29515d02,WM748517427,1984-09-03,Rochester,New York,41,Middle Aged
ec05ba63-cde6-421b-8914-05e33895864b,YW589202818,1973-07-22,Aurora,Illinois,53,Older Adults
0d7b9a1b-b442-487b-909d-57ba9e3eb0e6,FM089591881,1953-07-12,Rochester,New York,73,Seniors
9e3aea8b-858c-4270-a4e3-6fff1f640e27,DA746611361,2005-06-17,Savannah,Georgia,21,Young Adults
9d092173-8360-4ddb-9d5c-77281d0f6102,RZ543006685,1953-03-14,San Jose,California,73,Seniors
93f0763a-2a0f-4b86-b13d-bc109e0b4fc6,QB894397185,1987-11-01,Pittsburgh,Pennsylvania,38,Middle Aged
b6409a6e-221b-49f5-a332-a469c9b17430,VS042431779,1953-10-29,Augusta,Georgia,72,Seniors
3d3398d8-0d06-4d74-a049-7e15b1178169,GT777745458,1981-04-21,Syracuse,New York,45,Middle Aged
f4cfd691-2636-4e16-bf60-76a47163963e,YN082102273,1979-11-03,Naperville,Illinois,46,Older Adults
15bc181a-0a42-4683-9155-68f8663b4969,WJ505831080,1951-02-13,Rochester,New York,75,Seniors
e2e71647-d32c-49d2-b103-7866f4c2a8da,BI449937084,1959-02-08,Orlando,Florida,67,Seniors
13e5efd4-d359-403f-bded-465c2f693baf,GP066166130,1985-06-18,Bellevue,Washington,41,Middle Aged
3d68a23b-ff8d-4aa2-9453-ad1fd41a8c08,SC910169296,1969-11-28,Sacramento,California,56,Older Adults
48056200-34b0-419d-88f7-2b17e919c316,NR633783164,1972-01-27,San Jose,California,54,Older Adults
20b2b001-8ad9-42ec-9d1a-1803a20dac93,PU781918227,1971-09-10,Erie,Pennsylvania,54,Older Adults
60fc95dd-4085-4a60-8b0a-5bdc3edc6966,KJ685839582,1979-06-18,Scottsdale,Arizona,47,Older Adults
0d8d25f1-23f9-4432-803c-52cee02a7b2a,YN082155736,1967-04-25,Tucson,Arizona,59,Older Adults
6f719350-b18c-4184-a38e-33296bfe0dcc,XB932778319,1979-11-15,Atlanta,Georgia,46,Older Adults
937ab4ca-1c9e-4e24-8a30-de5a4ec1a4f2,LK786296938,1966-05-13,Denver,Colorado,60,Older Adults
7c0607ef-51a6-4ee1-9385-ebfc113e8ee7,EE633720353,1990-09-02,Sacramento,California,35,Middle Aged
fb3a253d-9ac4-486f-a21e-ed4b394e1971,RM265075937,1965-07-02,Richmond,Virginia,61,Seniors
0b8a1eb5-6499-400d-8bcd-0c2bdd982c75,SQ793637300,2001-04-07,Sacramento,California,25,Young Adults
05dae615-b90d-49f7-9cc9-45afbab6d238,ZO414773727,1953-08-05,Clarksville,Tennessee,73,Seniors
2db9d68c-eb2d-4a6b-8125-7811512af005,NO636171370,1988-06-21,San Diego,California,38,Middle Aged
682649b4-ae23-4afb-b858-2bdbd126f153,MX699038278,1971-01-02,Philadelphia,Pennsylvania,55,Older Adults
5cc09b29-4827-42c7-a539-e3479beab3b8,JX237361790,1994-01-18,Chandler,Arizona,32,Middle Aged
1bd5360d-22b1-414a-baf2-601bda375598,KW129406384,1975-04-17,Houston,Texas,51,Older Adults
d300f020-9e87-4e5f-bc31-4ddb2cdd0b8d,ER485698234,1996-12-31,Clarksville,Tennessee,29,Middle Aged
0f1bf93e-3098-434c-a868-4a1af15bac8d,UK207717878,1994-02-15,Raleigh,North Carolina,32,Middle Aged
454df5ae-d894-408e-9e42-fb65d2d76cc4,WJ143968939,1981-05-24,Houston,Texas,45,Middle Aged
88609e0e-2331-4543-a962-153208a74f35,EA518780296,1961-07-16,San Jose,California,65,Seniors
47ed8686-9c76-4124-a41c-66e66955550f,UK645775669,1980-05-17,Portland,Oregon,46,Older Adults
414befad-855d-4360-8747-e38c2a8c1b8c,EA975310262,1953-11-01,Pittsburgh,Pennsylvania,72,Seniors
22875602-6dc5-4417-a9ab-b10b818d9962,MY316538792,1971-06-14,Chicago,Illinois,55,Older Adults
babec101-9129-47b4-9211-3b648b687c8b,EE862546405,1980-10-18,Hillsboro,Oregon,45,Middle Aged
a4dcd8ee-dfe2-401d-afd0-a78f6de96486,VW172744620,2005-07-03,Salem,Oregon,21,Young Adults
95bd61e7-c305-41bb-922d-1e172e015f07,BU539276070,1992-08-23,Gresham,Oregon,33,Middle Aged
1750e104-9874-4263-8eda-9b675bd0a32f,OY213359133,1994-05-08,San Francisco,California,32,Middle Aged
f87c469c-e23f-4dfb-ac2c-5afac697785b,LM789075240,1984-01-17,Knoxville,Tennessee,42,Middle Aged
e0144848-3ed7-49e8-8157-0aed6c86b6cb,WM064435278,1959-01-16,Norfolk,Virginia,67,Seniors
1cba9020-05cb-4f9b-b0b0-730b6effa914,ET401021199,1979-04-03,Pittsburgh,Pennsylvania,47,Older Adults
41848e2b-2867-48b9-91a0-b2f9ce8a1ea9,ZW956448764,2004-03-01,San Diego,California,22,Young Adults
9ecfe8ac-6a4a-4ad1-b7b9-861ab174a803,FF028843446,1990-05-13,Lansing,Michigan,36,Middle Aged
4d61fbe7-0deb-450c-b213-12aef207fa68,US493193977,1951-12-11,Warren,Michigan,74,Seniors
6772f567-7aa7-4676-9c19-f16af9fa2b59,SH788529457,1984-09-06,Sterling Heights,Michigan,41,Middle Aged
39a914c4-646b-46c1-a85c-31ba719eee23,MM498280843,1989-10-24,Columbus,Georgia,36,Middle Aged
813de7b8-dcd0-455f-a653-b0159dd315d8,GP014987335,1977-09-30,Seattle,Washington,48,Older Adults
a85ef8c7-432a-4361-9753-f68ca1f3dc6d,ZM348782148,1977-04-11,Reading,Pennsylvania,49,Older Adults
44972f51-08f6-42a5-b58e-d64746171d5a,ML204150266,2000-04-15,Colorado Springs,Colorado,26,Middle Aged
af90cc38-3a57-47df-9d58-872c3d1b7a79,OS813407364,2005-01-25,Austin,Texas,21,Young Adults
ea6959b2-0dcc-423e-86d2-24e2cb7a7557,XI648943074,1997-07-28,Dallas,Texas,29,Middle Aged
2d04228e-8933-446d-90db-0acb00c15a87,SZ267565633,1975-10-03,Philadelphia,Pennsylvania,50,Older Adults
34e19d1a-c404-4f67-af59-d135b993a9cf,UF007067770,1976-04-24,Cleveland,Ohio,50,Older Adults
a32c4da1-fdbd-4a97-8873-6f6e3bb0c893,BN988298850,1953-03-04,Rockford,Illinois,73,Seniors
2d405f2f-1280-4f91-b4de-c95b2528efb5,FV997901037,1967-02-11,Memphis,Tennessee,59,Older Adults
fbd6a3bb-f806-4d19-b5da-ffd1c02faaaa,EH578325536,1974-12-03,Fort Worth,Texas,51,Older Adults
83e4ec43-e8a9-48cd-bbe6-9bd617eae7b9,XU419399403,1966-07-27,New York City,New York,60,Older Adults
073b3cbb-54c2-45e8-afcf-ee7cc7a92634,IQ746017018,1954-03-07,San Francisco,California,72,Seniors
748a5065-509c-439e-9255-01df216a087e,SS788228079,1974-03-27,Austin,Texas,52,Older Adults
913e9313-364e-45f3-ad92-f3b50cc78636,BT429916281,2007-10-21,Jacksonville,Florida,18,Young Adults
6825cecc-4cb0-4565-809e-5378bd9f5f11,BY100127199,1962-04-08,Austin,Texas,64,Seniors
feecf84a-45f8-456c-9d83-ccbf49c9d3b3,HP645780201,1976-12-14,Naperville,Illinois,49,Older Adults
dfc08b9e-3e69-4a1a-b9b0-eab515c4070e,KU554649435,1952-04-25,Chattanooga,Tennessee,74,Seniors
dbbf77d7-3d6f-412e-bd2a-41a80b7ff658,YW636523930,1984-10-07,Jacksonville,Florida,41,Middle Aged
7df72570-959a-4046-b67e-f1d4a431b2f0,PT209097415,1994-07-13,Raleigh,North Carolina,32,Middle Aged
1edd0e2f-a598-40d9-905a-1cf44987f69e,MA821395755,1951-08-08,Seattle,Washington,75,Seniors
e9115fb8-36fe-41c2-b0dd-31d5ec442428,WW424129355,1985-11-19,San Antonio,Texas,40,Middle Aged
6db07996-f80a-4057-adbe-71c482e1faa2,BC216430748,2003-11-09,San Diego,California,22,Young Adults
646a66ec-c13a-40c1-9c26-a341a7563fe4,QK016106939,1972-08-30,Nashville,Tennessee,53,Older Adults
36010a08-374c-414e-89d1-52d319f2b142,FR648775156,2001-08-03,Los Angeles,California,25,Young Adults
7b387a80-ae97-4af7-8acb-22b95fc963b6,KL163418734,1965-03-21,San Francisco,California,61,Seniors
cee618de-8e27-4262-a8ad-2cde89ffad52,RN173827366,1975-10-20,New York City,New York,50,Older Adults
954b1494-c7c7-4e14-a78b-b526b797f8c8,KX072680737,1961-06-10,Sacramento,California,65,Seniors
46298598-54d4-46ea-99e5-9b0e3ac8d7e8,CT315701650,1963-07-31,Joliet,Illinois,63,Seniors
1f31c2ee-85a1-437b-82dd-463a2e33b91f,WQ002267456,1995-11-01,Allentown,Pennsylvania,30,Middle Aged
1a216fd0-21e8-43e3-9dec-f1d93ff7ddd0,TV466318775,1998-11-12,Columbus,Ohio,27,Middle Aged
744bfe4a-2270-406a-bbce-9a82d2a7d6d5,RL253001978,1973-01-18,San Antonio,Texas,53,Older Adults
ce92f545-b2b6-40b7-9182-a7b6c2cb3b3a,EQ825996582,1987-05-02,Milwaukee,Wisconsin,39,Middle Aged
656c54d8-3942-4d28-a4ca-9f6c5b51d613,RG290212501,1984-07-16,Grand Rapids,Michigan,42,Middle Aged
81d5d2c2-fb07-4c1c-98f8-722df5c7a02b,PY997950157,1976-03-17,Fort Worth,Texas,50,Older Adults
fde21b42-d659-48c2-9fcd-b3a70b297399,IM063587971,1969-07-19,Austin,Texas,57,Older Adults
b0d20d47-d94a-4acd-835a-be7d9266be15,UC593984609,1968-09-10,Austin,Texas,57,Older Adults
9b4d9238-29bf-4203-924d-a1ac896e2f3d,CR076596383,1954-12-07,Knoxville,Tennessee,71,Seniors
3c4f872b-f5d4-4445-90bc-fc6769b99f96,SJ560362708,1972-01-21,Kenosha,Wisconsin,54,Older Adults
4f14a63f-4170-4c1a-8ead-eb03130ffebe,OA482145098,2003-01-29,San Diego,California,23,Young Adults
2505ddb5-ed65-46f6-9505-72310aa3a0e2,ES082526760,2003-02-04,Springfield,Massachusetts,23,Young Adults
4ad2f417-6fb1-4399-83c3-626593ea16a4,WP155186358,1988-07-23,Scottsdale,Arizona,38,Middle Aged
025aa892-7298-4ed5-8c4d-9c873a6a1722,BO482023004,2002-02-04,Nashville,Tennessee,24,Young Adults
235c668f-29dc-4593-b4cc-23124bb03ffd,WI279497559,1950-11-27,Fort Lauderdale,Florida,75,Seniors
9f815048-2cd6-4903-b423-a027f397c1a1,PM887927836,1961-09-25,Jacksonville,Florida,64,Seniors
8abb98b5-1e7d-486b-8713-4fc47717d103,RB191971145,2005-10-17,Syracuse,New York,20,Young Adults
567fe04a-b483-4b49-be8e-9ee46e353bcd,WR303944930,2008-02-15,Columbus,Ohio,18,Young Adults
8c7f01a3-2b3b-42ac-96db-0d78770754b4,XW918902395,1960-09-30,Fort Collins,Colorado,65,Seniors
ea37b918-c922-4d01-81fc-75a61d4b8c52,ZH006699593,1974-09-26,Durham,North Carolina,51,Older Adults
ba46fbc2-7c21-4232-bd44-330d115bc73f,NS890356613,2001-11-23,Orlando,Florida,24,Young Adults
a391cba6-5791-49b7-9107-4f602ffbfffa,KZ141464542,2001-02-28,Los Angeles,California,25,Young Adults
a6c0af9e-da2c-42e5-87b5-5edb9f6e4589,YM183290053,1971-03-06,Sacramento,California,55,Older Adults
47ad0e2b-9fd7-4e8e-ac68-be53ef726d66,GV376943098,1993-08-11,Cincinnati,Ohio,33,Middle Aged
c3207dc6-b0f1-4a90-9f9b-a58188657f56,LK432667431,1950-10-14,San Diego,California,75,Seniors
5409008b-7724-4286-9122-79148757180a,YY641315936,1966-12-14,Naperville,Illinois,59,Older Adults
c43200a3-8862-42f6-bd7f-6c69c387f273,QA987885065,1975-12-04,Clarksville,Tennessee,50,Older Adults
792dea64-01dc-4a7c-9c6d-0eb84e40efef,EJ721330516,1952-01-16,Joliet,Illinois,74,Seniors
169ce780-4b9e-4e84-9c13-41c8737d4162,OS425091674,1973-01-22,Akron,Ohio,53,Older Adults
67fb7741-ed4b-458b-9fa6-3bb29ce782de,LK415430959,1997-02-13,Los Angeles,California,29,Middle Aged
ea7c580e-317b-47e6-b0c0-8c2aa816fc48,XX290347354,1960-04-17,Albany,New York,66,Seniors
a58a6f62-943a-4584-a62b-86271fe10295,ZV859531218,1970-01-13,Syracuse,New York,56,Older Adults
a3584d3c-e91a-4a30-8519-5688a18c6ab1,UZ865605994,1998-02-18,Hillsboro,Oregon,28,Middle Aged
a1c186cf-1531-4205-a423-78005e3b2766,PQ808945184,1950-11-22,New York City,New York,75,Seniors
01901be1-bbed-4b83-9298-1e2946799654,VU292652371,1953-02-02,San Francisco,California,73,Seniors
96736db9-7fde-4ee5-bb24-45dd52b006fa,VT966638149,1958-05-21,Houston,Texas,68,Seniors
f8773dba-d2a7-40a0-a5d2-d6cad22c80a1,PO460472580,1975-03-29,Akron,Ohio,51,Older Adults
c6492d36-eaae-4784-93e2-652bdd43aa9d,QK442845866,1962-05-22,Sacramento,California,64,Seniors
08ead2f9-6669-43d9-ba79-5ed1fbf2ea2d,CU072202851,1954-11-18,Orlando,Florida,71,Seniors
9bdbdd0d-7f1d-4de9-8ed5-0a230dc5f36e,SN320357252,1961-01-24,Portland,Oregon,65,Seniors
5d58a522-c6eb-40e4-a322-3b6ce05030b5,CI459672423,1976-09-30,Houston,Texas,49,Older Adults
5755b7de-66e6-4779-be92-3244bc0cc7ed,SS565660001,1968-07-14,Pittsburgh,Pennsylvania,58,Older Adults
12906223-fb7c-446b-8733-65f87492886f,ZU014941717,2000-08-30,Sterling Heights,Michigan,25,Young Adults
ca1063c7-2838-44ad-bc57-57dd34f4b3ed,XI150139319,1977-02-22,Virginia Beach,Virginia,49,Older Adults
313cb18b-c7ee-45e5-bf5e-10e638740b86,GZ684976201,2004-02-22,Henderson,Nevada,22,Young Adults
a446648b-46a8-4ee6-9fa9-52543f38a7e4,VZ502744758,1987-02-13,Akron,Ohio,39,Middle Aged
58cb5dcf-5be3-4a1e-8b20-6cfb303798ec,KJ916702435,1961-12-24,Los Angeles,California,64,Seniors
863a16af-ffc6-45f6-8dac-31eb6122c2e1,FX979889481,1988-12-18,Richmond,Virginia,37,Middle Aged
0a5b0aa9-46a5-443d-beec-c61203354111,BV096814830,1999-11-10,Houston,Texas,26,Middle Aged
64b4c477-50cf-446c-906d-74c90d2f3b53,DX972588101,1985-02-06,Charlotte,North Carolina,41,Middle Aged
69293639-998a-4046-8186-bfd810d9adbf,SP245916237,1961-06-05,San Diego,California,65,Seniors
9a698344-9db2-4446-887d-573ce2c351c8,CE976532762,1991-08-06,Los Angeles,California,35,Middle Aged
e5886828-e93c-4b06-a022-050660ef26bc,GJ441910771,1961-03-27,Cleveland,Ohio,65,Seniors
74ae5d7b-3616-4ed8-8b51-0e2f2f253d04,WN145567728,2003-06-05,Rochester,New York,23,Young Adults
7e81dae6-eb9c-4848-a399-aa126c0a09ce,LM623182032,2005-03-05,Detroit,Michigan,21,Young Adults
e20c4b44-a2c2-4df5-a345-1693b8557f01,IP749348996,1977-09-24,Austin,Texas,48,Older Adults
e45ea748-41cb-449d-8270-52317f666cbc,TW304050607,2001-03-02,Miami,Florida,25,Young Adults
c2e1f46f-eca8-4390-abaa-40d2ab20fdd9,QG487982424,1966-03-08,Jacksonville,Florida,60,Older Adults
390d6cbc-f8f7-4f9c-853f-0a4ae00513bb,YF232277375,1977-01-03,Houston,Texas,49,Older Adults
e0595982-3bf7-486f-a859-583756735179,PG157996260,1969-12-26,San Diego,California,56,Older Adults
953c8aef-71f2-4ee1-8f68-2321d2fdc6d8,SG876057820,1995-07-11,San Francisco,California,31,Middle Aged
72e6bfc1-ceff-4c7e-99f8-8d44555c57c1,BN224219628,1960-11-20,San Jose,California,65,Seniors
b1780c09-22e1-433c-b76b-a772f45d7cec,QD187591822,1996-02-02,Orlando,Florida,30,Middle Aged
223b9420-0c4a-4898-9866-908ba56aca10,NB541484307,1954-07-12,San Francisco,California,72,Seniors
ad9b55cd-3e95-44f3-af8b-00e7e137b3b9,VT236262554,1959-07-22,San Diego,California,67,Seniors
210fb4c7-e6c1-410c-80f7-4a8fa27106b2,XM499397997,1962-02-11,San Jose,California,64,Seniors
fbb5386d-6317-4681-b1ba-39d7dfb74ff6,LC025432907,1986-11-10,San Diego,California,39,Middle Aged
011d7673-ff8a-4033-85c7-a8969fdc5de0,OQ627567583,2003-06-12,Austin,Texas,23,Young Adults
672ca399-2070-4c78-a30b-edea6dcbb2b8,WZ708370726,1998-05-10,Athens,Georgia,28,Middle Aged
4343ad4a-0326-42b1-9f7b-1db010b41511,MN181072510,1982-03-28,Austin,Texas,44,Middle Aged
5d721dad-5676-484a-89f2-0186b9f0592e,MV781987408,1991-03-06,New York City,New York,35,Middle Aged
d852eed0-ad5b-47c0-b51b-e8a89309ffa8,PJ008429273,1999-01-06,Athens,Georgia,27,Middle Aged
27bb7998-46fc-43a1-a9e8-b973894fe252,CG033572370,1966-04-21,Jacksonville,Florida,60,Older Adults
1bd1d7bd-232e-42f4-9d75-25378e0ffad2,RK343515616,1962-10-16,Tacoma,Washington,63,Seniors
2c2764e3-388c-4145-998b-14b973895ae8,PQ167933656,1993-02-06,Sacramento,California,33,Middle Aged
ec811cc2-40cc-47d5-9609-29acf00d4acc,MX856663473,1993-01-25,Sterling Heights,Michigan,33,Middle Aged
e760dc20-5af1-46dd-a06a-4671b4179a7d,QE230294987,1993-03-21,Miami,Florida,33,Middle Aged
41a297ee-e08c-47e1-95ad-7a0ffc60752c,ZU808388976,1954-11-08,Los Angeles,California,71,Seniors
af0fc46d-2493-4f70-9eb6-82932d411cd7,DX023120594,1982-01-31,Syracuse,New York,44,Middle Aged
fa4ce90f-5f84-4db0-a48b-38ead0ee2676,SA190068190,1998-08-25,Sterling Heights,Michigan,27,Middle Aged
8a677bc0-f601-4d7c-a3ec-dd9d88cf236f,JN309453583,1980-11-24,Bellevue,Washington,45,Middle Aged
832f020e-a928-4bdb-8749-ca06d254619a,AL718434590,1967-06-25,Chicago,Illinois,59,Older Adults
39dded6e-77f3-49cb-8ea6-b0759aa84075,DC880825846,1994-09-24,Chicago,Illinois,31,Middle Aged
6f4be453-9517-44e8-b853-87caf9b89953,PH855154265,1981-08-20,Fort Wayne,Indiana,45,Middle Aged
327a2e6c-a4f6-4612-9c5c-14a5e1b3423e,XC192101992,1994-01-29,San Francisco,California,32,Middle Aged
508956d0-ec35-4399-ad1b-8f6ec260c21d,PB073394739,1995-12-06,Pittsburgh,Pennsylvania,30,Middle Aged
8ddba704-c81d-4ffc-ab4b-962505ef5049,OM860367808,1985-02-08,Austin,Texas,41,Middle Aged
53fd5d75-0dd0-40c2-a114-7d14f53e53d3,GP320861433,1989-01-22,New York City,New York,37,Middle Aged
a6fdd762-410e-416d-b73b-70c001fcc07c,FM896366575,1988-11-11,Los Angeles,California,37,Middle Aged
267f5a1c-b17d-4e26-adf8-8cfcff5a0ec3,UG120116303,2001-11-20,Joliet,Illinois,24,Young Adults
58191aca-be31-4934-bd31-500092d1d011,LO854085991,1968-09-24,Dallas,Texas,57,Older Adults
8143c71d-8940-4785-9cd7-8972a45b459d,TG466949114,1987-09-18,Naperville,Illinois,38,Middle Aged
ab03f8a1-314e-4258-b5b4-22cdc2f87720,QH102382847,1963-11-21,San Antonio,Texas,62,Seniors
c00e045a-ca8b-4fb2-81b7-8abb37f6b23c,NF286055662,2007-01-31,Atlanta,Georgia,19,Young Adults
79c34ca1-96d4-4550-9474-e59c5f63f330,XP020275762,2006-02-16,Colorado Springs,Colorado,20,Young Adults
14ccc27e-5696-4449-894e-c1e7719e802f,TI973807369,1953-07-09,Lansing,Michigan,73,Seniors
c5ec2a28-61cd-4e88-ab0e-af7d579a5de6,GQ859057580,1961-09-05,Naperville,Illinois,64,Seniors
cf96ae2e-fc2e-432b-be16-2999fa08610b,YL718140305,2004-05-09,Greensboro,North Carolina,22,Young Adults
ff16db72-bd09-49d9-ae08-27a01a931980,DC289371103,1954-01-18,Sparks,Nevada,72,Seniors
e47b41ff-c66a-4c95-8f1d-07cc5445b1b8,GB350173384,1977-12-27,San Jose,California,48,Older Adults
1ee979f6-340c-4ba5-9009-f58c9f5c02d3,NF758652504,1953-10-16,Buffalo,New York,72,Seniors
e62b988c-cc47-49ae-a78b-5d3ebfcbc259,DX937205635,1991-08-06,Cincinnati,Ohio,35,Middle Aged
9d56223a-2490-4eeb-8744-db1cef731a29,HM049781924,1951-07-24,Fort Worth,Texas,75,Seniors
92813f7a-d4f5-4401-b512-8cdfbcd03afa,JZ938672435,1976-07-15,San Francisco,California,50,Older Adults
fe513011-5295-46cf-822a-4608c1ddd08a,DS602085969,1965-06-05,San Francisco,California,61,Seniors
371dfc3c-176c-49be-8262-c01bf2196822,QU666673273,1954-11-22,San Jose,California,71,Seniors
1a2d426c-6150-483a-9e2d-96b078f885c9,JA207962197,1975-10-23,San Jose,California,50,Older Adults
b3af797e-3f56-40cb-a860-47930199e068,NC688968953,1982-07-15,Cincinnati,Ohio,44,Middle Aged
08325652-7356-4853-b7ac-7e23c6c8c464,RP632784104,2003-10-18,Atlanta,Georgia,22,Young Adults
f9ff6c7b-410f-4df4-8b43-1b74e8842daf,LU329179669,1956-08-01,San Jose,California,70,Seniors
765a0a50-fd4f-4dbb-a841-f8e1b57b7b07,IW704437013,1961-08-18,Los Angeles,California,65,Seniors
2dddf348-f44e-4c24-b527-ea837b379173,VN900160886,1963-03-14,Raleigh,North Carolina,63,Seniors
595dffdf-0715-4b34-845e-ae5f55cb8e91,BI866085718,1981-12-29,Chattanooga,Tennessee,44,Middle Aged
2901df97-aaaf-4bd1-95ac-95a75f48a3c0,YR316482182,1983-03-17,Augusta,Georgia,43,Middle Aged
4c64131d-7431-453c-94ea-ce7c47cd69b9,SC442285621,1966-09-08,Cincinnati,Ohio,59,Older Adults
4b7a9166-ac57-4dee-ad8f-eaf93dbe4a9d,KM582571004,1960-05-12,Richmond,Virginia,66,Seniors
ededa2be-2e15-4671-9a90-247391a6c41b,ZC205297041,1991-12-10,Seattle,Washington,34,Middle Aged
d4b09dad-8a8d-4d42-822b-a34b9a091339,BE507473681,1958-10-22,Orlando,Florida,67,Seniors
68bea203-d942-422a-908d-4ed539a7b1a0,RY926469747,1967-06-18,Fort Collins,Colorado,59,Older Adults
a2b49321-b4e7-45dc-b8f9-58a6abb15c89,WR443267539,1973-06-21,San Francisco,California,53,Older Adults
47c19631-65d8-42c7-9bb5-25353f104e37,FF440678115,1970-01-04,Miami,Florida,56,Older Adults
cf8f480c-53f8-449c-bfa8-1357b7be4faf,KH016413437,1975-02-22,Albany,New York,51,Older Adults
2d910548-71a8-4b9d-9df9-a4533626ef38,LJ354259601,1994-05-25,Lakewood,Colorado,32,Middle Aged
d6935d87-e9b7-4144-886e-a694ed5f79f3,HA534756887,1996-01-08,Chicago,Illinois,30,Middle Aged
1df3054d-9a99-4ac9-9700-369288405e5c,TT119989147,1993-07-05,Greensboro,North Carolina,33,Middle Aged
f8881542-db60-494d-9468-c848b2a5b6c3,FG549172907,1990-03-24,Fort Lauderdale,Florida,36,Middle Aged
fd53ca41-1f22-4aba-bae7-bced7b4d9a9b,AQ250572658,1959-07-14,Aurora,Illinois,67,Seniors
cc072d80-56d1-44e4-917c-dafff8b42a0c,HR484504747,1959-03-01,Houston,Texas,67,Seniors
75fd5554-1178-4ccb-88af-7248341281b8,EI993222125,1995-10-14,Kenosha,Wisconsin,30,Middle Aged
8a48956f-63b6-4b5b-84d4-300c3d4d3334,TE909188329,1992-03-03,Sacramento,California,34,Middle Aged
e91a6eb7-9266-4804-9239-04bd932cd5d0,RC328961929,1975-12-24,Rockford,Illinois,50,Older Adults
276c674c-a2d6-4c55-be8f-a45721d82d16,NS062109334,1968-01-30,Worcester,Massachusetts,58,Older Adults
b05346ec-f624-4414-8567-d743233fba3e,UY038866004,1970-07-17,Los Angeles,California,56,Older Adults
7c0f0640-dee4-4f5d-9a85-4824daa316a8,GH855403787,1994-02-26,Toledo,Ohio,32,Middle Aged
147d06b7-ccf2-435c-bed5-79a85e6dcc1a,RJ886094146,1982-01-07,Boston,Massachusetts,44,Middle Aged
b332bad1-8625-4b41-92fe-c733a27e8123,WC913492279,1986-04-08,Dallas,Texas,40,Middle Aged
8f06301f-54f5-407f-b02a-bdba531b390e,PD881902989,1988-03-28,Los Angeles,California,38,Middle Aged
a72ac04a-d7b6-4937-8ef5-9d40300ef403,KV120572510,1956-03-06,Houston,Texas,70,Seniors
9d1ea966-725f-471b-8b19-c20d6351681f,WJ581770578,1989-03-28,San Diego,California,37,Middle Aged
50cb4259-2e6f-49a3-b219-d4a6f4657b10,HV985600280,1966-06-25,Reading,Pennsylvania,60,Older Adults
2b88a533-db73-42a4-bfa5-696d7d42c45f,DA065701910,1971-08-25,Austin,Texas,55,Older Adults
cae27aba-a2cb-4f39-856a-db9db491745c,ZB059706868,1954-07-06,Los Angeles,California,72,Seniors
59f8f7a8-af48-4177-8c70-5c15dc978ce7,OE939007048,1955-05-24,Richmond,Virginia,71,Seniors
837ec1d5-58de-45bd-a5a4-0fea5f00df75,AK404764284,1975-06-23,Warren,Michigan,51,Older Adults
c791f67e-21e2-4144-8549-28cf910b7467,JA005840573,2005-10-26,Austin,Texas,20,Young Adults
47f93617-3e3b-4864-8156-f41eeb7f9af1,QL740833919,1992-10-19,Austin,Texas,33,Middle Aged
e12e3fe1-b600-4bac-8fb9-2abf346639b0,ZS009422169,1951-10-14,Phoenix,Arizona,74,Seniors
f0e20c0a-6355-48ba-9a8a-f800489771b2,CL408223884,1961-03-11,Fort Worth,Texas,65,Seniors
3c721557-0f55-4cf5-aafa-76d35d9e177a,EI368180974,1997-05-27,Austin,Texas,29,Middle Aged
64c3c486-f2f6-4a04-9e5e-514880607e82,UP531245160,1978-04-12,Los Angeles,California,48,Older Adults
d9812643-9a17-4a08-ba1b-ad56321c3fde,XS389205065,1953-10-03,Sacramento,California,72,Seniors
fc061e13-72b9-4127-bcbf-e7e884abb1bc,TY517235815,1978-08-26,Syracuse,New York,47,Older Adults
a53c129d-9ef3-4008-a219-6ab596ca577b,ZI810334952,1963-05-24,Tacoma,Washington,63,Seniors
dc269cd7-cdb3-4668-8a37-8e97ccb14f42,BE957710028,2001-04-02,Bellevue,Washington,25,Young Adults
3a5b4299-a410-4b52-aa6e-bbd40015f520,JR837943282,1976-04-27,San Jose,California,50,Older Adults
5b007182-bee4-4ca2-84c1-05274b87bfd3,LM457075124,1952-11-23,Charlotte,North Carolina,73,Seniors
06a70d03-fa01-4357-9075-102fe9b3d620,BF746744305,1976-09-26,Los Angeles,California,49,Older Adults
7e97f498-6bf2-41a4-8fde-76f0fc0f2792,HE346824537,1964-01-17,San Diego,California,62,Seniors
06a1216d-57fc-44dd-84e7-8766c8947e22,OC448913222,2000-08-27,Jacksonville,Florida,25,Young Adults
498d9f19-fbc7-473a-8cb0-72265b7a37ed,AQ671824044,1965-05-02,San Francisco,California,61,Seniors
112d209d-597c-4d82-9277-5c4f6c40af9b,AV060178672,1964-08-31,Gresham,Oregon,61,Seniors
f41ea61b-2998-4f52-b2d5-9f685767b38b,ZY855569149,1959-12-14,Buffalo,New York,66,Seniors
848b916b-fc5c-41a7-bba0-9704c87cb769,IA357974173,1999-10-31,Fort Lauderdale,Florida,26,Middle Aged
406c8c17-79f4-48c1-8435-1bc8ac94c50d,TB552346499,1977-06-10,San Diego,California,49,Older Adults
b803aa59-be64-4c9c-817c-5136fceac167,JF452055623,2004-08-15,Los Angeles,California,22,Young Adults
f2ac9272-2773-4d78-8126-3bb3857b61ca,EU674075249,2004-12-16,Tampa,Florida,21,Young Adults
1517e8a4-1ff2-4bd5-aac0-afb720fcf44f,PN221645360,1972-05-17,San Jose,California,54,Older Adults
c191b657-74b6-422a-92e6-3c185104e62e,CN344406316,1983-07-26,Phoenix,Arizona,43,Middle Aged
fa220cfb-ff89-4a46-a11a-99854ca4f778,HE651244937,1984-08-01,San Antonio,Texas,42,Middle Aged
0a17b476-341c-4b0a-98cc-1d165ce10849,HR562151874,2003-11-15,Denver,Colorado,22,Young Adults
80810654-184e-4c6d-9f99-7ab409d6e500,GU277312010,2002-03-01,Lakewood,Colorado,24,Young Adults
a84d0e49-bd03-4103-87f8-5b3727d4c920,AE362499656,1952-06-17,Dallas,Texas,74,Seniors
a6871966-0f69-4e20-99cc-da26cbea7269,SZ395350119,1961-06-14,Los Angeles,California,65,Seniors
cdc31bba-d294-4771-b61f-65392bb8250b,IU164035330,2006-12-11,San Francisco,California,19,Young Adults
d5b786de-cb8c-4ee9-9805-297440594c34,NF972582732,1965-07-11,Green Bay,Wisconsin,61,Seniors
83da4a2d-4f2a-448c-8633-22cbdcfdfbfb,PP455495355,1991-01-26,Buffalo,New York,35,Middle Aged
c25a0647-d3f7-4fac-858b-83f3f1de0937,FP545581224,1994-06-25,Lakewood,Colorado,32,Middle Aged
87a3e367-e06d-4dd3-bea7-6e59a47e4e44,DU196792606,1958-05-16,Green Bay,Wisconsin,68,Seniors
cd64a120-ee9b-4cb2-8f1c-67cd4a8cb169,WF231964794,1963-08-30,Erie,Pennsylvania,62,Seniors
f55dc420-93d7-40e1-af73-28544050f2d8,NB738846842,1987-03-19,Greensboro,North Carolina,39,Middle Aged
3a1d78b6-10b7-4746-990e-8564313330ed,DM112581382,1956-06-14,Rochester,New York,70,Seniors
473329e1-a8f4-4f19-9653-d93902a4860a,EY963089469,2005-08-07,San Antonio,Texas,21,Young Adults
9cc31fb1-7993-404e-a2bf-89597c69c754,UK408294837,1955-06-26,Spokane,Washington,71,Seniors
c2d304f0-3756-471d-97e5-c233690af40b,NO842777067,2003-05-24,Springfield,Massachusetts,23,Young Adults
e2b0c424-d767-40ad-8350-e3f1f89078fd,XT991556737,2005-02-02,Miami,Florida,21,Young Adults
efd20e14-01c3-451f-ba39-81af2ff58587,UX775964676,1984-05-03,Buffalo,New York,42,Middle Aged
e62ef9f4-9bcb-4434-8a84-cf8c5504f3bf,HC979966821,1978-02-23,Akron,Ohio,48,Older Adults
172b8225-6a0c-4efb-a108-5b3b906c67a2,ZN901240540,1971-11-30,Dallas,Texas,54,Older Adults
43d580fe-7472-4188-8b94-4e30a929cc2d,CH566709185,1966-01-02,Los Angeles,California,60,Older Adults
f3ffe719-4f20-452f-9aef-d36514aafa9a,DY899242110,1983-06-10,Lansing,Michigan,43,Middle Aged
02b76f80-4b16-421e-ac09-1c34fc4189f3,HE877717803,1996-03-19,Akron,Ohio,30,Middle Aged
4cd42d51-c780-4a49-a48c-4f97771cb5e2,AC543810925,1969-04-03,Fort Collins,Colorado,57,Older Adults
646f0ef4-2f31-4ec5-bfde-ce65438fa81a,QW413735424,1980-08-17,Clarksville,Tennessee,46,Older Adults
d049efe2-594b-43e0-ad8d-2a7cd9fa692c,MX596975010,1993-01-13,Springfield,Massachusetts,33,Middle Aged
81ec9d9c-779c-41ed-90b4-ae2ae66bdee2,UH871391873,1979-02-03,Toledo,Ohio,47,Older Adults
25ee2f7d-0b7f-4e48-a79c-aaa389118d0c,UQ565222105,1998-04-21,Houston,Texas,28,Middle Aged
1f87d823-7478-48a4-ac02-4b218c4c67a7,CQ789333481,1998-06-01,Orlando,Florida,28,Middle Aged
387d9b28-8875-45ea-99ef-6864f271ef6d,MP120549715,1979-06-07,San Antonio,Texas,47,Older Adults
f19d4ba4-92aa-4368-8a7f-0b9959be5aa9,BR270382644,1985-01-30,Sterling Heights,Michigan,41,Middle Aged
d7f0288f-c9c8-46bd-9845-e4f9b0f0a1af,EP126713529,1996-12-20,Syracuse,New York,29,Middle Aged
fbd47bd8-03ec-4aee-bd26-4c52a0df3352,IY223938823,1980-12-27,San Diego,California,45,Middle Aged
88aa838c-2c37-4a64-a94d-abafe8ca56a7,ZV611568899,1988-07-05,Seattle,Washington,38,Middle Aged
2f2c3231-8717-4534-9dda-f22b11eeca48,IX196551833,1961-11-08,Aurora,Illinois,64,Seniors
754a53eb-48b1-494d-91e2-cd83f07fd62f,RK485893903,1967-10-27,San Diego,California,58,Older Adults
532d8501-8bb8-487f-aada-6f37dd2f558a,VR020297504,2007-12-16,Fort Lauderdale,Florida,18,Young Adults
4944300f-a290-41c7-9e92-03054fb9f922,HJ648324289,1978-10-11,Clarksville,Tennessee,47,Older Adults
3f166f63-a479-40d7-bcf0-305635d7f341,CT105916640,1969-10-29,San Antonio,Texas,56,Older Adults
5fab4799-0a52-4830-bf5a-4387efc1008e,PP428063023,1985-08-31,Houston,Texas,40,Middle Aged
c1da5870-713f-4bd3-b0f3-4105738a39dc,NS822792793,1999-10-13,San Antonio,Texas,26,Middle Aged
c75ee719-d7fa-4efa-b9d7-36a7502e5eda,VF593277181,2001-01-10,Chandler,Arizona,25,Young Adults
2661bf95-d01b-4f82-bac1-2c58a6ebf348,XX836183432,1994-09-05,Buffalo,New York,31,Middle Aged
73d69f9a-d951-45b3-9987-08d0cf34b726,OS603061157,1981-03-06,San Antonio,Texas,45,Middle Aged
c814c0d1-0005-4fa5-b21f-33bd33188577,XZ808190843,1989-08-15,Fort Worth,Texas,37,Middle Aged
753f73b8-96a2-4c6c-95b4-b8fa243086e5,AG790687621,1967-11-01,Austin,Texas,58,Older Adults
6f528859-b176-4ccd-b6f6-343f30f8588c,HF559575331,1987-08-29,Toledo,Ohio,38,Middle Aged
4ca99e5e-5c1f-49f3-94ad-cb402c66ab72,BU569089767,2004-10-29,Buffalo,New York,21,Young Adults
19fb8112-9994-4ef7-927f-5d7a74958697,QQ970200348,2001-06-20,San Diego,California,25,Young Adults
f9956258-3760-47cc-94f4-de5188510c1a,RI251632455,1988-09-12,Grand Rapids,Michigan,37,Middle Aged
60357290-8c8d-4c70-a4e8-52754203a448,VW193433880,1969-06-24,Mesa,Arizona,57,Older Adults
00cded86-96dd-496d-a1f8-cd40d4d3d86d,RE674294449,1956-11-05,San Francisco,California,69,Seniors
3c0506a3-0958-4d42-b33e-38d65e83c654,SY847532460,1974-12-04,Dallas,Texas,51,Older Adults
230ad9eb-b4db-48c4-9ece-2c8ffcd33887,BL468233570,1955-08-02,Knoxville,Tennessee,71,Seniors
476c1722-db8b-4344-9ef0-54c87937962e,XP556321563,2005-05-01,Spokane,Washington,21,Young Adults
09beebdd-06ce-474a-a126-8bb203516226,GN116032447,1952-03-31,Winston-Salem,North Carolina,74,Seniors
af3a6b25-9c0d-41e8-b3b1-a55b490cdaf8,PH867895114,1986-01-24,Knoxville,Tennessee,40,Middle Aged
16059168-ff2f-4014-87ab-5bc473625758,WS459251072,1972-01-01,San Antonio,Texas,54,Older Adults
e28ee410-625d-4c16-846e-db17aa8cd7ca,RV216899707,1987-10-09,Sacramento,California,38,Middle Aged
5fb0b93e-250f-4f10-91b7-dce8bdc01fc6,FR283656820,2005-05-06,Erie,Pennsylvania,21,Young Adults
52d9d8fc-0338-4b32-b98e-6b652a0e6c0a,YW216172638,2001-06-15,Chicago,Illinois,25,Young Adults
ef6d3f95-f361-48b8-bb06-a20321b640d3,NP434368508,1984-07-17,Naperville,Illinois,42,Middle Aged
8b94a665-119f-490e-a929-4e1ff6bf6f3a,ER071286512,1974-06-08,Athens,Georgia,52,Older Adults
fcec23d6-f105-4bd6-a05d-5cbfc261a96b,PN815943369,1999-02-11,Buffalo,New York,27,Middle Aged
a4f3494d-7710-48e4-a904-f2bab1e8869b,MI887246350,1995-09-05,Orlando,Florida,30,Middle Aged
16402a24-09f7-4b1e-9c65-b8bcd8ae49bd,VZ305684918,1971-12-12,Atlanta,Georgia,54,Older Adults
2ebeebdd-683c-4763-8127-a9ea4977ca5b,SK486718908,1968-05-10,Cincinnati,Ohio,58,Older Adults
916a7841-2374-448f-ace0-0aa5dc13481a,XP015106256,1971-10-03,Chattanooga,Tennessee,54,Older Adults
1ab7fed4-b6df-4379-9a38-373a796f7e71,WV144409126,1992-04-14,Fort Collins,Colorado,34,Middle Aged
55b6c2db-060b-438a-a897-fa5e20e9a413,OY562443521,1953-09-21,San Diego,California,72,Seniors
15a1a988-29f2-4f55-a817-4ad39840b23a,SE015260775,1999-05-05,San Antonio,Texas,27,Middle Aged
4071ea93-0fd9-48ac-b324-2a56aff6a7c9,VN389054955,1987-06-26,San Antonio,Texas,39,Middle Aged
589d607d-7213-4c1f-ad46-860754bc621c,QE573009599,1986-05-18,San Francisco,California,40,Middle Aged
3cb79340-b26e-47bb-a5ad-452bea8d971c,SL427240164,2004-03-07,Rockford,Illinois,22,Young Adults
d4c69b6d-71da-4430-aaab-2f9e5d43c5c7,ZW625334698,1958-07-22,Cincinnati,Ohio,68,Seniors
17eb1d93-e605-48bc-ae6d-c7e1769e79ce,ZP467386881,1972-10-12,Tampa,Florida,53,Older Adults
eaaddcf2-b74f-4b22-892b-3faa4353fab0,EK040620569,1992-01-30,Toledo,Ohio,34,Middle Aged
14dfa847-bf2b-4911-8c22-6e66b441cbe9,UA438450741,1978-07-30,Philadelphia,Pennsylvania,48,Older Adults
3bdeeed7-e36d-4dd8-9869-39017e83328f,LB226074847,1990-07-14,Dallas,Texas,36,Middle Aged
